[20-Mar-2025 15:31:02 America/Fortaleza] Database connection successful
[20-Mar-2025 15:31:18 America/Fortaleza] Database connection successful
[20-Mar-2025 15:31:18 America/Fortaleza] Creating admin account. Already exists? yes
[20-Mar-2025 15:31:18 America/Fortaleza] Login attempt for email: admin@proftest.com.br
[20-Mar-2025 15:31:18 America/Fortaleza] User found: yes
[20-Mar-2025 15:31:18 America/Fortaleza] Password valid: no
[20-Mar-2025 15:31:18 America/Fortaleza] Stored hash: $2y$10$92IXUNpkjO0rOQ5byMi.Ye4oKoEa3Ro9llC/.og/at2.uheWG/igi
[20-Mar-2025 15:31:18 America/Fortaleza] Input password: admin123
[20-Mar-2025 15:31:18 America/Fortaleza] Falha no login para o email: admin@proftest.com.br
[20-Mar-2025 15:31:28 America/Fortaleza] Database connection successful
[20-Mar-2025 15:31:28 America/Fortaleza] Creating admin account. Already exists? yes
[20-Mar-2025 15:31:28 America/Fortaleza] Login attempt for email: admin@proftest.com.br
[20-Mar-2025 15:31:28 America/Fortaleza] User found: yes
[20-Mar-2025 15:31:28 America/Fortaleza] Password valid: no
[20-Mar-2025 15:31:28 America/Fortaleza] Stored hash: $2y$10$92IXUNpkjO0rOQ5byMi.Ye4oKoEa3Ro9llC/.og/at2.uheWG/igi
[20-Mar-2025 15:31:28 America/Fortaleza] Input password: admin123
[20-Mar-2025 15:31:28 America/Fortaleza] Falha no login para o email: admin@proftest.com.br
[20-Mar-2025 15:31:38 America/Fortaleza] Database connection successful
[20-Mar-2025 15:31:38 America/Fortaleza] Creating admin account. Already exists? yes
[20-Mar-2025 15:31:38 America/Fortaleza] Login attempt for email: admin@proftest.com.br
[20-Mar-2025 15:31:38 America/Fortaleza] User found: yes
[20-Mar-2025 15:31:38 America/Fortaleza] Password valid: no
[20-Mar-2025 15:31:38 America/Fortaleza] Stored hash: $2y$10$92IXUNpkjO0rOQ5byMi.Ye4oKoEa3Ro9llC/.og/at2.uheWG/igi
[20-Mar-2025 15:31:38 America/Fortaleza] Input password: admin123
[20-Mar-2025 15:31:38 America/Fortaleza] Falha no login para o email: admin@proftest.com.br
[20-Mar-2025 15:33:59 America/Fortaleza] Database connection successful
[20-Mar-2025 15:33:59 America/Fortaleza] Users table already exists
[20-Mar-2025 15:33:59 America/Fortaleza] Admin user exists with hash: $2y$10$92IXUNpkjO0rOQ5byMi.Ye4oKoEa3Ro9llC/.og/at2.uheWG/igi
[20-Mar-2025 15:33:59 America/Fortaleza] Creating admin account. Already exists? yes
[20-Mar-2025 15:33:59 America/Fortaleza] Login attempt for email: admin@proftest.com.br
[20-Mar-2025 15:33:59 America/Fortaleza] User found: yes
[20-Mar-2025 15:34:00 America/Fortaleza] Password valid: no
[20-Mar-2025 15:34:00 America/Fortaleza] Stored hash: $2y$10$92IXUNpkjO0rOQ5byMi.Ye4oKoEa3Ro9llC/.og/at2.uheWG/igi
[20-Mar-2025 15:34:00 America/Fortaleza] Input password: admin123
[20-Mar-2025 15:34:00 America/Fortaleza] Falha no login para o email: admin@proftest.com.br
[20-Mar-2025 15:34:02 America/Fortaleza] Database connection successful
[20-Mar-2025 15:34:02 America/Fortaleza] Users table already exists
[20-Mar-2025 15:34:02 America/Fortaleza] Admin user exists with hash: $2y$10$92IXUNpkjO0rOQ5byMi.Ye4oKoEa3Ro9llC/.og/at2.uheWG/igi
[20-Mar-2025 15:34:18 America/Fortaleza] Database connection successful
[20-Mar-2025 15:34:18 America/Fortaleza] Users table already exists
[20-Mar-2025 15:34:18 America/Fortaleza] Admin user exists with hash: $2y$10$92IXUNpkjO0rOQ5byMi.Ye4oKoEa3Ro9llC/.og/at2.uheWG/igi
[20-Mar-2025 15:34:18 America/Fortaleza] Creating admin account. Already exists? yes
[20-Mar-2025 15:34:18 America/Fortaleza] Login attempt for email: admin@proftest.com.br
[20-Mar-2025 15:34:18 America/Fortaleza] User found: yes
[20-Mar-2025 15:34:19 America/Fortaleza] Password valid: no
[20-Mar-2025 15:34:19 America/Fortaleza] Stored hash: $2y$10$92IXUNpkjO0rOQ5byMi.Ye4oKoEa3Ro9llC/.og/at2.uheWG/igi
[20-Mar-2025 15:34:19 America/Fortaleza] Input password: admin123
[20-Mar-2025 15:34:19 America/Fortaleza] Falha no login para o email: admin@proftest.com.br
[20-Mar-2025 15:35:28 America/Fortaleza] Database connection successful
[20-Mar-2025 15:35:28 America/Fortaleza] Users table already exists
[20-Mar-2025 15:35:28 America/Fortaleza] Admin user exists with hash: $2y$10$92IXUNpkjO0rOQ5byMi.Ye4oKoEa3Ro9llC/.og/at2.uheWG/igi
[20-Mar-2025 15:35:28 America/Fortaleza] Creating admin account. Already exists? yes
[20-Mar-2025 15:35:28 America/Fortaleza] Login attempt for email: admin@proftest.com.br
[20-Mar-2025 15:35:28 America/Fortaleza] User found: yes
[20-Mar-2025 15:35:28 America/Fortaleza] Password valid: no
[20-Mar-2025 15:35:28 America/Fortaleza] Stored hash: $2y$10$92IXUNpkjO0rOQ5byMi.Ye4oKoEa3Ro9llC/.og/at2.uheWG/igi
[20-Mar-2025 15:35:28 America/Fortaleza] Input password: admin
[20-Mar-2025 15:35:28 America/Fortaleza] Falha no login para o email: admin@proftest.com.br
[20-Mar-2025 15:38:43 America/Fortaleza] Database connection successful
[20-Mar-2025 15:38:43 America/Fortaleza] Users table already exists
[20-Mar-2025 15:38:43 America/Fortaleza] Admin creation error: SQLSTATE[23000]: Integrity constraint violation: 1062 Duplicate entry 'admin@proftest.com.br' for key 'email'
[20-Mar-2025 15:38:43 America/Fortaleza] Login attempt for: admin@proftest.com.br with password: admin123
[20-Mar-2025 15:38:43 America/Fortaleza] Login failed
[20-Mar-2025 15:38:43 America/Fortaleza] Falha no login para o email: admin@proftest.com.br
[20-Mar-2025 15:38:53 America/Fortaleza] Database connection successful
[20-Mar-2025 15:38:53 America/Fortaleza] Users table already exists
[20-Mar-2025 15:38:53 America/Fortaleza] Admin creation error: SQLSTATE[23000]: Integrity constraint violation: 1062 Duplicate entry 'admin@proftest.com.br' for key 'email'
[20-Mar-2025 15:38:53 America/Fortaleza] Login attempt for: admin@proftest.com.br with password: admin
[20-Mar-2025 15:38:53 America/Fortaleza] Login failed
[20-Mar-2025 15:38:53 America/Fortaleza] Falha no login para o email: admin@proftest.com.br
[20-Mar-2025 15:39:07 America/Fortaleza] Database connection successful
[20-Mar-2025 15:39:07 America/Fortaleza] Users table already exists
[20-Mar-2025 15:39:07 America/Fortaleza] Login attempt for: admin@admin.com with password: admin123
[20-Mar-2025 15:39:07 America/Fortaleza] Login failed
[20-Mar-2025 15:39:07 America/Fortaleza] Falha no login para o email: admin@admin.com
[20-Mar-2025 15:43:08 America/Fortaleza] Database connection successful
[20-Mar-2025 15:43:08 America/Fortaleza] Users table already exists
[20-Mar-2025 15:43:08 America/Fortaleza] Admin creation error: SQLSTATE[23000]: Integrity constraint violation: 1062 Duplicate entry 'admin@proftest.com.br' for key 'email'
[20-Mar-2025 15:43:08 America/Fortaleza] Login attempt for: admin@proftest.com.br with password: admin123
[20-Mar-2025 15:43:08 America/Fortaleza] Login successful
[20-Mar-2025 15:43:08 America/Fortaleza] PHP Warning:  Cannot modify header information - headers already sent by (output started at /home4/efsantos/public_html/pdi/templates/base.php:1) in /home4/efsantos/public_html/pdi/templates/auth/login.php on line 20
[20-Mar-2025 15:46:31 America/Fortaleza] Database connection successful
[20-Mar-2025 15:46:31 America/Fortaleza] Users table already exists
[20-Mar-2025 15:46:31 America/Fortaleza] Admin creation error: SQLSTATE[23000]: Integrity constraint violation: 1062 Duplicate entry 'admin@proftest.com.br' for key 'email'
[20-Mar-2025 15:46:31 America/Fortaleza] Login attempt for: admin@proftest.com.br with password: admin123
[20-Mar-2025 15:46:31 America/Fortaleza] Login successful
[20-Mar-2025 15:46:32 America/Fortaleza] Database connection successful
[20-Mar-2025 15:46:32 America/Fortaleza] Users table already exists
[20-Mar-2025 15:46:36 America/Fortaleza] Database connection successful
[20-Mar-2025 15:46:36 America/Fortaleza] Users table already exists
[20-Mar-2025 15:46:46 America/Fortaleza] Database connection successful
[20-Mar-2025 15:46:46 America/Fortaleza] Users table already exists
[20-Mar-2025 15:46:46 America/Fortaleza] PHP Warning:  require_once(/home4/efsantos/public_html/pdi/templates/404.php): Failed to open stream: No such file or directory in /home4/efsantos/public_html/pdi/public/index.php on line 48
[20-Mar-2025 15:46:46 America/Fortaleza] PHP Fatal error:  Uncaught Error: Failed opening required '/home4/efsantos/public_html/pdi/templates/404.php' (include_path='.:/opt/cpanel/ea-php82/root/usr/share/pear') in /home4/efsantos/public_html/pdi/public/index.php:48
Stack trace:
#0 {main}
  thrown in /home4/efsantos/public_html/pdi/public/index.php on line 48
[20-Mar-2025 15:47:46 America/Fortaleza] Database connection successful
[20-Mar-2025 15:47:46 America/Fortaleza] Users table already exists
[20-Mar-2025 17:25:55 America/Fortaleza] Database connection successful
[20-Mar-2025 17:25:55 America/Fortaleza] Users table already exists
[20-Mar-2025 17:25:55 America/Fortaleza] Database connection successful
[20-Mar-2025 17:25:55 America/Fortaleza] Users table already exists
[20-Mar-2025 17:25:59 America/Fortaleza] Database connection successful
[20-Mar-2025 17:25:59 America/Fortaleza] Users table already exists
[20-Mar-2025 17:26:19 America/Fortaleza] Database connection successful
[20-Mar-2025 17:26:19 America/Fortaleza] Users table already exists
[20-Mar-2025 17:26:19 America/Fortaleza] Admin creation error: SQLSTATE[23000]: Integrity constraint violation: 1062 Duplicate entry 'admin@proftest.com.br' for key 'email'
[20-Mar-2025 17:26:19 America/Fortaleza] Login attempt for: admin@proftest.com.br with password: admin123
[20-Mar-2025 17:26:19 America/Fortaleza] Login successful
[20-Mar-2025 17:26:19 America/Fortaleza] Database connection successful
[20-Mar-2025 17:26:19 America/Fortaleza] Users table already exists
[20-Mar-2025 17:26:40 America/Fortaleza] Database connection successful
[20-Mar-2025 17:26:40 America/Fortaleza] Users table already exists
[20-Mar-2025 17:45:13 America/Fortaleza] Database connection successful
[20-Mar-2025 17:45:13 America/Fortaleza] Users table already exists
[20-Mar-2025 17:45:17 America/Fortaleza] Database connection successful
[20-Mar-2025 17:45:17 America/Fortaleza] Users table already exists
[20-Mar-2025 17:45:22 America/Fortaleza] Database connection successful
[20-Mar-2025 17:45:22 America/Fortaleza] Users table already exists
[20-Mar-2025 17:45:25 America/Fortaleza] Database connection successful
[20-Mar-2025 17:45:25 America/Fortaleza] Users table already exists
[20-Mar-2025 17:49:48 America/Fortaleza] Database connection successful
[20-Mar-2025 17:49:48 America/Fortaleza] Users table already exists
[20-Mar-2025 17:49:51 America/Fortaleza] Database connection successful
[20-Mar-2025 17:49:51 America/Fortaleza] Users table already exists
[20-Mar-2025 17:49:56 America/Fortaleza] Database connection successful
[20-Mar-2025 17:49:56 America/Fortaleza] Users table already exists
[20-Mar-2025 17:49:58 America/Fortaleza] Database connection successful
[20-Mar-2025 17:49:58 America/Fortaleza] Users table already exists
[20-Mar-2025 17:50:01 America/Fortaleza] Database connection successful
[20-Mar-2025 17:50:01 America/Fortaleza] Users table already exists
[20-Mar-2025 17:50:03 America/Fortaleza] Database connection successful
[20-Mar-2025 17:50:03 America/Fortaleza] Users table already exists
[20-Mar-2025 17:50:04 America/Fortaleza] Database connection successful
[20-Mar-2025 17:50:04 America/Fortaleza] Users table already exists
[20-Mar-2025 17:50:06 America/Fortaleza] Database connection successful
[20-Mar-2025 17:50:06 America/Fortaleza] Users table already exists
[20-Mar-2025 17:54:30 America/Fortaleza] Database connection successful
[20-Mar-2025 17:54:30 America/Fortaleza] Users table already exists
[20-Mar-2025 17:54:30 America/Fortaleza] Loading template: /home4/efsantos/public_html/pdi/templates/pdi/index.php
[20-Mar-2025 17:54:36 America/Fortaleza] Database connection successful
[20-Mar-2025 17:54:36 America/Fortaleza] Users table already exists
[20-Mar-2025 17:54:36 America/Fortaleza] Loading template: /home4/efsantos/public_html/pdi/templates/pdi/novo.php
[20-Mar-2025 17:55:49 America/Fortaleza] Database connection successful
[20-Mar-2025 17:55:49 America/Fortaleza] Users table already exists
[20-Mar-2025 17:55:49 America/Fortaleza] Template not found for route: pdi/save
[20-Mar-2025 17:55:49 America/Fortaleza] Tried paths:
[20-Mar-2025 17:55:49 America/Fortaleza] - /home4/efsantos/public_html/pdi/templates/pdi/save.php
[20-Mar-2025 17:55:49 America/Fortaleza] - /home4/efsantos/public_html/pdi/templates/pdi/save.php
[20-Mar-2025 17:55:49 America/Fortaleza] - /home4/efsantos/public_html/pdi/templates/pdi/save.php
[20-Mar-2025 17:56:00 America/Fortaleza] Database connection successful
[20-Mar-2025 17:56:00 America/Fortaleza] Users table already exists
[20-Mar-2025 17:56:00 America/Fortaleza] Loading template: /home4/efsantos/public_html/pdi/templates/home.php
[20-Mar-2025 17:56:03 America/Fortaleza] Database connection successful
[20-Mar-2025 17:56:03 America/Fortaleza] Users table already exists
[20-Mar-2025 17:56:03 America/Fortaleza] Loading template: /home4/efsantos/public_html/pdi/templates/pdi/index.php
[20-Mar-2025 17:56:08 America/Fortaleza] Database connection successful
[20-Mar-2025 17:56:08 America/Fortaleza] Users table already exists
[20-Mar-2025 17:56:08 America/Fortaleza] Loading template: /home4/efsantos/public_html/pdi/templates/pdi/novo.php
[20-Mar-2025 18:01:18 America/Fortaleza] Database connection successful
[20-Mar-2025 18:01:18 America/Fortaleza] Users table already exists
[20-Mar-2025 18:01:18 America/Fortaleza] Loading template: /home4/efsantos/public_html/pdi/templates/pdi/novo.php
[20-Mar-2025 18:01:51 America/Fortaleza] Database connection successful
[20-Mar-2025 18:01:51 America/Fortaleza] Users table already exists
[20-Mar-2025 18:01:51 America/Fortaleza] Loading template: /home4/efsantos/public_html/pdi/templates/pdi/save.php
[20-Mar-2025 18:01:51 America/Fortaleza] Erro ao salvar PDI: SQLSTATE[42S22]: Column not found: 1054 Unknown column 'title' in 'field list'
[20-Mar-2025 18:01:51 America/Fortaleza] Database connection successful
[20-Mar-2025 18:01:51 America/Fortaleza] Users table already exists
[20-Mar-2025 18:01:51 America/Fortaleza] Loading template: /home4/efsantos/public_html/pdi/templates/pdi/novo.php
[20-Mar-2025 18:02:23 America/Fortaleza] Database connection successful
[20-Mar-2025 18:02:23 America/Fortaleza] Users table already exists
[20-Mar-2025 18:02:23 America/Fortaleza] Loading template: /home4/efsantos/public_html/pdi/templates/pdi/save.php
[20-Mar-2025 18:02:23 America/Fortaleza] Erro ao salvar PDI: SQLSTATE[42S22]: Column not found: 1054 Unknown column 'title' in 'field list'
[20-Mar-2025 18:02:23 America/Fortaleza] Database connection successful
[20-Mar-2025 18:02:23 America/Fortaleza] Users table already exists
[20-Mar-2025 18:02:23 America/Fortaleza] Loading template: /home4/efsantos/public_html/pdi/templates/pdi/novo.php
[20-Mar-2025 18:08:11 America/Fortaleza] Database connection successful
[20-Mar-2025 18:08:11 America/Fortaleza] Users table already exists
[20-Mar-2025 18:08:11 America/Fortaleza] Loading template: /home4/efsantos/public_html/pdi/templates/pdi/novo.php
[20-Mar-2025 18:08:23 America/Fortaleza] Database connection successful
[20-Mar-2025 18:08:23 America/Fortaleza] Users table already exists
[20-Mar-2025 18:08:23 America/Fortaleza] Loading template: /home4/efsantos/public_html/pdi/templates/pdi/index.php
[20-Mar-2025 18:08:26 America/Fortaleza] Database connection successful
[20-Mar-2025 18:08:26 America/Fortaleza] Users table already exists
[20-Mar-2025 18:08:26 America/Fortaleza] Loading template: /home4/efsantos/public_html/pdi/templates/pdi/novo.php
[20-Mar-2025 18:08:48 America/Fortaleza] Database connection successful
[20-Mar-2025 18:08:48 America/Fortaleza] Users table already exists
[20-Mar-2025 18:08:48 America/Fortaleza] Loading template: /home4/efsantos/public_html/pdi/templates/pdi/save.php
[20-Mar-2025 18:08:48 America/Fortaleza] Inserindo PDI com os seguintes valores:
[20-Mar-2025 18:08:48 America/Fortaleza] user_id: 6
[20-Mar-2025 18:08:48 America/Fortaleza] title: sdfasdfasdf
[20-Mar-2025 18:08:48 America/Fortaleza] objective: asdfsafasdfasdfasdfasd
[20-Mar-2025 18:08:48 America/Fortaleza] start_date: 2025-03-10
[20-Mar-2025 18:08:48 America/Fortaleza] end_date: 2025-03-31
[20-Mar-2025 18:08:48 America/Fortaleza] status: in_progress
[20-Mar-2025 18:08:48 America/Fortaleza] Erro detalhado ao salvar PDI: SQLSTATE[42S22]: Column not found: 1054 Unknown column 'title' in 'field list'
[20-Mar-2025 18:08:48 America/Fortaleza] Database connection successful
[20-Mar-2025 18:08:48 America/Fortaleza] Users table already exists
[20-Mar-2025 18:08:48 America/Fortaleza] Loading template: /home4/efsantos/public_html/pdi/templates/pdi/novo.php
[20-Mar-2025 19:30:08 America/Fortaleza] Database connection successful
[20-Mar-2025 19:30:08 America/Fortaleza] Users table already exists
[20-Mar-2025 19:30:08 America/Fortaleza] Database connection successful
[20-Mar-2025 19:30:08 America/Fortaleza] Users table already exists
[20-Mar-2025 19:30:08 America/Fortaleza] Loading template: /home4/efsantos/public_html/pdi/templates/auth/login.php
[20-Mar-2025 19:30:28 America/Fortaleza] Database connection successful
[20-Mar-2025 19:30:28 America/Fortaleza] Users table already exists
[20-Mar-2025 19:30:28 America/Fortaleza] Loading template: /home4/efsantos/public_html/pdi/templates/auth/login.php
[20-Mar-2025 19:30:28 America/Fortaleza] Admin creation error: SQLSTATE[23000]: Integrity constraint violation: 1062 Duplicate entry 'admin@proftest.com.br' for key 'email'
[20-Mar-2025 19:30:28 America/Fortaleza] Login attempt for: admin@proftest.com.br with password: admin123
[20-Mar-2025 19:30:28 America/Fortaleza] Login successful
[20-Mar-2025 19:30:28 America/Fortaleza] Database connection successful
[20-Mar-2025 19:30:28 America/Fortaleza] Users table already exists
[20-Mar-2025 19:30:28 America/Fortaleza] Loading template: /home4/efsantos/public_html/pdi/templates/home.php
[20-Mar-2025 19:30:30 America/Fortaleza] Database connection successful
[20-Mar-2025 19:30:30 America/Fortaleza] Users table already exists
[20-Mar-2025 19:30:30 America/Fortaleza] Loading template: /home4/efsantos/public_html/pdi/templates/pdi/index.php
[20-Mar-2025 19:30:33 America/Fortaleza] Database connection successful
[20-Mar-2025 19:30:33 America/Fortaleza] Users table already exists
[20-Mar-2025 19:30:33 America/Fortaleza] Loading template: /home4/efsantos/public_html/pdi/templates/pdi/novo.php
[20-Mar-2025 19:30:51 America/Fortaleza] Database connection successful
[20-Mar-2025 19:30:51 America/Fortaleza] Users table already exists
[20-Mar-2025 19:30:51 America/Fortaleza] Loading template: /home4/efsantos/public_html/pdi/templates/pdi/save.php
[20-Mar-2025 19:30:51 America/Fortaleza] Inserindo PDI com os seguintes valores:
[20-Mar-2025 19:30:51 America/Fortaleza] user_id: 6
[20-Mar-2025 19:30:51 America/Fortaleza] short_term_goals: fSFsfSFSf dfSFDS
[20-Mar-2025 19:30:51 America/Fortaleza] medium_term_goals: SDGSGDSFGDSFG DGDFGDSF
[20-Mar-2025 19:30:51 America/Fortaleza] long_term_goals: dfgdfgdfsgdsfgsdf
[20-Mar-2025 19:30:51 America/Fortaleza] Erro detalhado ao salvar PDI: SQLSTATE[HY093]: Invalid parameter number
[20-Mar-2025 19:30:51 America/Fortaleza] Database connection successful
[20-Mar-2025 19:30:51 America/Fortaleza] Users table already exists
[20-Mar-2025 19:30:51 America/Fortaleza] Loading template: /home4/efsantos/public_html/pdi/templates/pdi/novo.php
[20-Mar-2025 19:32:18 America/Fortaleza] Database connection successful
[20-Mar-2025 19:32:18 America/Fortaleza] Users table already exists
[20-Mar-2025 19:32:18 America/Fortaleza] Loading template: /home4/efsantos/public_html/pdi/templates/pdi/index.php
[20-Mar-2025 19:32:25 America/Fortaleza] Database connection successful
[20-Mar-2025 19:32:25 America/Fortaleza] Users table already exists
[20-Mar-2025 19:32:25 America/Fortaleza] Loading template: /home4/efsantos/public_html/pdi/templates/pdi/novo.php
[20-Mar-2025 19:32:49 America/Fortaleza] Database connection successful
[20-Mar-2025 19:32:49 America/Fortaleza] Users table already exists
[20-Mar-2025 19:32:49 America/Fortaleza] Loading template: /home4/efsantos/public_html/pdi/templates/pdi/save.php
[20-Mar-2025 19:32:49 America/Fortaleza] Inserindo PDI com os seguintes valores:
[20-Mar-2025 19:32:49 America/Fortaleza] user_id: 6
[20-Mar-2025 19:32:49 America/Fortaleza] short_term_goals: dfgdfsg dgdfgds dfgsdgsdfg dgdfg dfg dfg 
[20-Mar-2025 19:32:49 America/Fortaleza] medium_term_goals: fdgsdf dfgdfgdfg sd dfgfd
[20-Mar-2025 19:32:49 America/Fortaleza] long_term_goals:  dfgd dfgdf
[20-Mar-2025 19:32:49 America/Fortaleza] competencies:  fdf dgdfsgsdf
[20-Mar-2025 19:32:49 America/Fortaleza] actions:  gfdsgdfdf df gdf dsf gdsg ds gdsf
[20-Mar-2025 19:32:49 America/Fortaleza] indicators:  dfgfdsfd df gd g gdf gfds dfs gfdf 
[20-Mar-2025 19:32:49 America/Fortaleza] Database connection successful
[20-Mar-2025 19:32:49 America/Fortaleza] Users table already exists
[20-Mar-2025 19:32:49 America/Fortaleza] Loading template: /home4/efsantos/public_html/pdi/templates/pdi/index.php
[20-Mar-2025 19:32:55 America/Fortaleza] Database connection successful
[20-Mar-2025 19:32:55 America/Fortaleza] Users table already exists
[20-Mar-2025 19:32:55 America/Fortaleza] Template not found for route: pdi/view
[20-Mar-2025 19:32:55 America/Fortaleza] Tried paths:
[20-Mar-2025 19:32:55 America/Fortaleza] - /home4/efsantos/public_html/pdi/templates/pdi/view.php
[20-Mar-2025 19:32:55 America/Fortaleza] - /home4/efsantos/public_html/pdi/templates/pdi/view.php
[20-Mar-2025 19:33:00 America/Fortaleza] Database connection successful
[20-Mar-2025 19:33:00 America/Fortaleza] Users table already exists
[20-Mar-2025 19:33:00 America/Fortaleza] Loading template: /home4/efsantos/public_html/pdi/templates/pdi/index.php
[20-Mar-2025 19:33:27 America/Fortaleza] Database connection successful
[20-Mar-2025 19:33:27 America/Fortaleza] Users table already exists
[20-Mar-2025 19:33:27 America/Fortaleza] Template not found for route: pdi/view
[20-Mar-2025 19:33:27 America/Fortaleza] Tried paths:
[20-Mar-2025 19:33:27 America/Fortaleza] - /home4/efsantos/public_html/pdi/templates/pdi/view.php
[20-Mar-2025 19:33:27 America/Fortaleza] - /home4/efsantos/public_html/pdi/templates/pdi/view.php
[20-Mar-2025 19:36:23 America/Fortaleza] Database connection successful
[20-Mar-2025 19:36:23 America/Fortaleza] Users table already exists
[20-Mar-2025 19:36:23 America/Fortaleza] Loading template: /home4/efsantos/public_html/pdi/templates/pdi/view.php
[20-Mar-2025 19:36:43 America/Fortaleza] Database connection successful
[20-Mar-2025 19:36:43 America/Fortaleza] Users table already exists
[20-Mar-2025 19:36:43 America/Fortaleza] Loading template: /home4/efsantos/public_html/pdi/templates/admin/index.php
[20-Mar-2025 19:36:43 America/Fortaleza] PHP Parse error:  syntax error, unexpected string content "", expecting "-" or identifier or variable or number in /home4/efsantos/public_html/pdi/templates/admin/index.php on line 23
[20-Mar-2025 19:36:49 America/Fortaleza] Database connection successful
[20-Mar-2025 19:36:49 America/Fortaleza] Users table already exists
[20-Mar-2025 19:36:49 America/Fortaleza] Loading template: /home4/efsantos/public_html/pdi/templates/pdi/view.php
[20-Mar-2025 19:36:51 America/Fortaleza] Database connection successful
[20-Mar-2025 19:36:51 America/Fortaleza] Users table already exists
[20-Mar-2025 19:36:51 America/Fortaleza] Template not found for route: pdi/edit
[20-Mar-2025 19:36:51 America/Fortaleza] Tried paths:
[20-Mar-2025 19:36:51 America/Fortaleza] - /home4/efsantos/public_html/pdi/templates/pdi/edit.php
[20-Mar-2025 19:36:51 America/Fortaleza] - /home4/efsantos/public_html/pdi/templates/pdi/edit.php
[20-Mar-2025 19:37:07 America/Fortaleza] Database connection successful
[20-Mar-2025 19:37:07 America/Fortaleza] Users table already exists
[20-Mar-2025 19:37:07 America/Fortaleza] Loading template: /home4/efsantos/public_html/pdi/templates/pdi/view.php
[20-Mar-2025 19:37:21 America/Fortaleza] Database connection successful
[20-Mar-2025 19:37:21 America/Fortaleza] Users table already exists
[20-Mar-2025 19:37:21 America/Fortaleza] Template not found for route: pdi/edit
[20-Mar-2025 19:37:21 America/Fortaleza] Tried paths:
[20-Mar-2025 19:37:21 America/Fortaleza] - /home4/efsantos/public_html/pdi/templates/pdi/edit.php
[20-Mar-2025 19:37:21 America/Fortaleza] - /home4/efsantos/public_html/pdi/templates/pdi/edit.php
[20-Mar-2025 19:39:29 America/Fortaleza] Database connection successful
[20-Mar-2025 19:39:29 America/Fortaleza] Users table already exists
[20-Mar-2025 19:39:29 America/Fortaleza] Loading template: /home4/efsantos/public_html/pdi/templates/pdi/view.php
[20-Mar-2025 19:39:33 America/Fortaleza] Database connection successful
[20-Mar-2025 19:39:33 America/Fortaleza] Users table already exists
[20-Mar-2025 19:39:33 America/Fortaleza] Loading template: /home4/efsantos/public_html/pdi/templates/pdi/edit.php
[20-Mar-2025 19:39:43 America/Fortaleza] Database connection successful
[20-Mar-2025 19:39:43 America/Fortaleza] Users table already exists
[20-Mar-2025 19:39:43 America/Fortaleza] Loading template: /home4/efsantos/public_html/pdi/templates/pdi/update.php
[20-Mar-2025 19:39:43 America/Fortaleza] Database connection successful
[20-Mar-2025 19:39:43 America/Fortaleza] Users table already exists
[20-Mar-2025 19:39:43 America/Fortaleza] Loading template: /home4/efsantos/public_html/pdi/templates/pdi/view.php
[20-Mar-2025 19:43:35 America/Fortaleza] Database connection successful
[20-Mar-2025 19:43:35 America/Fortaleza] Users table already exists
[20-Mar-2025 19:43:35 America/Fortaleza] Loading template: /home4/efsantos/public_html/pdi/templates/pdi/index.php
[20-Mar-2025 19:43:39 America/Fortaleza] Database connection successful
[20-Mar-2025 19:43:39 America/Fortaleza] Users table already exists
[20-Mar-2025 19:43:39 America/Fortaleza] Loading template: /home4/efsantos/public_html/pdi/templates/home.php
[20-Mar-2025 19:43:44 America/Fortaleza] Database connection successful
[20-Mar-2025 19:43:44 America/Fortaleza] Users table already exists
[20-Mar-2025 19:43:44 America/Fortaleza] Loading template: /home4/efsantos/public_html/pdi/templates/admin/index.php
[20-Mar-2025 19:43:44 America/Fortaleza] PHP Parse error:  syntax error, unexpected string content "", expecting "-" or identifier or variable or number in /home4/efsantos/public_html/pdi/templates/admin/index.php on line 23
[20-Mar-2025 19:44:03 America/Fortaleza] Database connection successful
[20-Mar-2025 19:44:03 America/Fortaleza] Users table already exists
[20-Mar-2025 19:44:03 America/Fortaleza] Loading template: /home4/efsantos/public_html/pdi/templates/home.php
[20-Mar-2025 19:51:11 America/Fortaleza] Database connection successful
[20-Mar-2025 19:51:11 America/Fortaleza] Users table already exists
[20-Mar-2025 19:51:11 America/Fortaleza] Loading template: /home4/efsantos/public_html/pdi/templates/home.php
[20-Mar-2025 19:51:13 America/Fortaleza] Database connection successful
[20-Mar-2025 19:51:13 America/Fortaleza] Users table already exists
[20-Mar-2025 19:51:13 America/Fortaleza] Loading template: /home4/efsantos/public_html/pdi/templates/admin/index.php
[20-Mar-2025 19:51:14 America/Fortaleza] Database connection successful
[20-Mar-2025 19:51:14 America/Fortaleza] Users table already exists
[20-Mar-2025 19:51:14 America/Fortaleza] Loading template: /home4/efsantos/public_html/pdi/templates/pdi/index.php
[20-Mar-2025 19:54:32 America/Fortaleza] Database connection successful
[20-Mar-2025 19:54:32 America/Fortaleza] Users table already exists
[20-Mar-2025 19:54:32 America/Fortaleza] Loading template: /home4/efsantos/public_html/pdi/templates/pdi/view.php
[20-Mar-2025 19:54:39 America/Fortaleza] Database connection successful
[20-Mar-2025 19:54:39 America/Fortaleza] Users table already exists
[20-Mar-2025 19:54:39 America/Fortaleza] Loading template: /home4/efsantos/public_html/pdi/templates/pdi/index.php
[20-Mar-2025 19:54:42 America/Fortaleza] Database connection successful
[20-Mar-2025 19:54:42 America/Fortaleza] Users table already exists
[20-Mar-2025 19:54:42 America/Fortaleza] Loading template: /home4/efsantos/public_html/pdi/templates/admin/index.php
[20-Mar-2025 19:54:43 America/Fortaleza] Database connection successful
[20-Mar-2025 19:54:43 America/Fortaleza] Users table already exists
[20-Mar-2025 19:54:43 America/Fortaleza] Loading template: /home4/efsantos/public_html/pdi/templates/pdi/index.php
[20-Mar-2025 19:54:48 America/Fortaleza] Database connection successful
[20-Mar-2025 19:54:48 America/Fortaleza] Users table already exists
[20-Mar-2025 19:54:48 America/Fortaleza] Loading template: /home4/efsantos/public_html/pdi/templates/admin/index.php
[20-Mar-2025 19:54:48 America/Fortaleza] Database connection successful
[20-Mar-2025 19:54:48 America/Fortaleza] Users table already exists
[20-Mar-2025 19:54:48 America/Fortaleza] Loading template: /home4/efsantos/public_html/pdi/templates/pdi/index.php
[20-Mar-2025 19:54:50 America/Fortaleza] Database connection successful
[20-Mar-2025 19:54:50 America/Fortaleza] Users table already exists
[20-Mar-2025 19:54:50 America/Fortaleza] Template not found for route: profile
[20-Mar-2025 19:54:50 America/Fortaleza] Tried paths:
[20-Mar-2025 19:54:50 America/Fortaleza] - /home4/efsantos/public_html/pdi/templates/profile.php
[20-Mar-2025 19:54:56 America/Fortaleza] Database connection successful
[20-Mar-2025 19:54:56 America/Fortaleza] Users table already exists
[20-Mar-2025 19:54:56 America/Fortaleza] Template not found for route: profile
[20-Mar-2025 19:54:56 America/Fortaleza] Tried paths:
[20-Mar-2025 19:54:56 America/Fortaleza] - /home4/efsantos/public_html/pdi/templates/profile.php
[20-Mar-2025 19:54:58 America/Fortaleza] Database connection successful
[20-Mar-2025 19:54:58 America/Fortaleza] Users table already exists
[20-Mar-2025 19:54:58 America/Fortaleza] Loading template: /home4/efsantos/public_html/pdi/templates/admin/index.php
[20-Mar-2025 19:54:58 America/Fortaleza] Database connection successful
[20-Mar-2025 19:54:58 America/Fortaleza] Users table already exists
[20-Mar-2025 19:54:58 America/Fortaleza] Loading template: /home4/efsantos/public_html/pdi/templates/pdi/index.php
[20-Mar-2025 19:55:02 America/Fortaleza] Database connection successful
[20-Mar-2025 19:55:02 America/Fortaleza] Users table already exists
[20-Mar-2025 19:55:02 America/Fortaleza] Loading template: /home4/efsantos/public_html/pdi/templates/admin/index.php
[20-Mar-2025 19:55:02 America/Fortaleza] Database connection successful
[20-Mar-2025 19:55:02 America/Fortaleza] Users table already exists
[20-Mar-2025 19:55:02 America/Fortaleza] Loading template: /home4/efsantos/public_html/pdi/templates/pdi/index.php
[20-Mar-2025 19:55:08 America/Fortaleza] Database connection successful
[20-Mar-2025 19:55:08 America/Fortaleza] Users table already exists
[20-Mar-2025 19:55:08 America/Fortaleza] Loading template: /home4/efsantos/public_html/pdi/templates/admin/index.php
[20-Mar-2025 19:55:08 America/Fortaleza] Database connection successful
[20-Mar-2025 19:55:08 America/Fortaleza] Users table already exists
[20-Mar-2025 19:55:08 America/Fortaleza] Loading template: /home4/efsantos/public_html/pdi/templates/pdi/index.php
[20-Mar-2025 19:55:18 America/Fortaleza] Database connection successful
[20-Mar-2025 19:55:18 America/Fortaleza] Users table already exists
[20-Mar-2025 19:55:18 America/Fortaleza] Loading template: /home4/efsantos/public_html/pdi/templates/pdi/index.php
[20-Mar-2025 19:55:23 America/Fortaleza] Database connection successful
[20-Mar-2025 19:55:23 America/Fortaleza] Users table already exists
[20-Mar-2025 19:55:23 America/Fortaleza] Loading template: /home4/efsantos/public_html/pdi/templates/admin/index.php
[20-Mar-2025 19:55:23 America/Fortaleza] Database connection successful
[20-Mar-2025 19:55:23 America/Fortaleza] Users table already exists
[20-Mar-2025 19:55:23 America/Fortaleza] Loading template: /home4/efsantos/public_html/pdi/templates/pdi/index.php
[20-Mar-2025 19:55:26 America/Fortaleza] Database connection successful
[20-Mar-2025 19:55:26 America/Fortaleza] Users table already exists
[20-Mar-2025 19:55:26 America/Fortaleza] Loading template: /home4/efsantos/public_html/pdi/templates/pdi/index.php
[20-Mar-2025 19:56:06 America/Fortaleza] Database connection successful
[20-Mar-2025 19:56:06 America/Fortaleza] Users table already exists
[20-Mar-2025 19:56:06 America/Fortaleza] Loading template: /home4/efsantos/public_html/pdi/templates/admin/index.php
[20-Mar-2025 19:56:07 America/Fortaleza] Database connection successful
[20-Mar-2025 19:56:07 America/Fortaleza] Users table already exists
[20-Mar-2025 19:56:07 America/Fortaleza] Loading template: /home4/efsantos/public_html/pdi/templates/pdi/index.php
[20-Mar-2025 20:05:21 America/Fortaleza] Database connection successful
[20-Mar-2025 20:05:21 America/Fortaleza] Users table already exists
[20-Mar-2025 20:05:21 America/Fortaleza] Loading template: /home4/efsantos/public_html/pdi/templates/pdi/index.php
[20-Mar-2025 20:05:24 America/Fortaleza] Database connection successful
[20-Mar-2025 20:05:24 America/Fortaleza] Users table already exists
[20-Mar-2025 20:05:24 America/Fortaleza] Loading template: /home4/efsantos/public_html/pdi/templates/home.php
[20-Mar-2025 20:05:32 America/Fortaleza] Database connection successful
[20-Mar-2025 20:05:32 America/Fortaleza] Users table already exists
[20-Mar-2025 20:05:32 America/Fortaleza] Loading template: /home4/efsantos/public_html/pdi/templates/admin/index.php
[20-Mar-2025 20:05:32 America/Fortaleza] Database connection successful
[20-Mar-2025 20:05:32 America/Fortaleza] Users table already exists
[20-Mar-2025 20:05:32 America/Fortaleza] Loading template: /home4/efsantos/public_html/pdi/templates/pdi/index.php
[20-Mar-2025 20:05:36 America/Fortaleza] Database connection successful
[20-Mar-2025 20:05:36 America/Fortaleza] Users table already exists
[20-Mar-2025 20:05:36 America/Fortaleza] Template not found for route: courses
[20-Mar-2025 20:05:36 America/Fortaleza] Tried paths:
[20-Mar-2025 20:05:36 America/Fortaleza] - /home4/efsantos/public_html/pdi/templates/courses.php
[20-Mar-2025 20:05:39 America/Fortaleza] Database connection successful
[20-Mar-2025 20:05:39 America/Fortaleza] Users table already exists
[20-Mar-2025 20:05:39 America/Fortaleza] Template not found for route: coaching
[20-Mar-2025 20:05:39 America/Fortaleza] Tried paths:
[20-Mar-2025 20:05:39 America/Fortaleza] - /home4/efsantos/public_html/pdi/templates/coaching.php
[20-Mar-2025 20:05:42 America/Fortaleza] Database connection successful
[20-Mar-2025 20:05:42 America/Fortaleza] Users table already exists
[20-Mar-2025 20:05:42 America/Fortaleza] Loading template: /home4/efsantos/public_html/pdi/templates/pdi/index.php
[20-Mar-2025 20:09:01 America/Fortaleza] Database connection successful
[20-Mar-2025 20:09:01 America/Fortaleza] Users table already exists
[20-Mar-2025 20:09:01 America/Fortaleza] Loading template: /home4/efsantos/public_html/pdi/templates/pdi/index.php
[20-Mar-2025 20:09:09 America/Fortaleza] Database connection successful
[20-Mar-2025 20:09:09 America/Fortaleza] Users table already exists
[20-Mar-2025 20:09:09 America/Fortaleza] Loading template: /home4/efsantos/public_html/pdi/templates/pdi/index.php
[20-Mar-2025 20:09:11 America/Fortaleza] Database connection successful
[20-Mar-2025 20:09:11 America/Fortaleza] Users table already exists
[20-Mar-2025 20:09:11 America/Fortaleza] Loading template: /home4/efsantos/public_html/pdi/templates/home.php
[20-Mar-2025 20:09:33 America/Fortaleza] Database connection successful
[20-Mar-2025 20:09:33 America/Fortaleza] Users table already exists
[20-Mar-2025 20:09:33 America/Fortaleza] Loading template: /home4/efsantos/public_html/pdi/templates/admin/index.php
[20-Mar-2025 20:09:33 America/Fortaleza] Database connection successful
[20-Mar-2025 20:09:33 America/Fortaleza] Users table already exists
[20-Mar-2025 20:09:33 America/Fortaleza] Loading template: /home4/efsantos/public_html/pdi/templates/pdi/index.php
[20-Mar-2025 20:09:37 America/Fortaleza] Database connection successful
[20-Mar-2025 20:09:37 America/Fortaleza] Users table already exists
[20-Mar-2025 20:09:37 America/Fortaleza] Loading template: /home4/efsantos/public_html/pdi/templates/home.php
[20-Mar-2025 20:12:40 America/Fortaleza] Database connection successful
[20-Mar-2025 20:12:40 America/Fortaleza] Users table already exists
[20-Mar-2025 20:12:40 America/Fortaleza] Loading template: /home4/efsantos/public_html/pdi/templates/home.php
[20-Mar-2025 20:12:40 America/Fortaleza] PHP Warning:  Undefined array key "is_admin" in /home4/efsantos/public_html/pdi/templates/base.php on line 58
[20-Mar-2025 20:12:43 America/Fortaleza] Database connection successful
[20-Mar-2025 20:12:43 America/Fortaleza] Users table already exists
[20-Mar-2025 20:12:43 America/Fortaleza] Template not found for route: logout
[20-Mar-2025 20:12:43 America/Fortaleza] Tried paths:
[20-Mar-2025 20:12:43 America/Fortaleza] - /home4/efsantos/public_html/pdi/templates/logout.php
[20-Mar-2025 20:12:43 America/Fortaleza] PHP Warning:  Undefined array key "is_admin" in /home4/efsantos/public_html/pdi/templates/base.php on line 58
[20-Mar-2025 20:12:46 America/Fortaleza] Database connection successful
[20-Mar-2025 20:12:46 America/Fortaleza] Users table already exists
[20-Mar-2025 20:12:46 America/Fortaleza] Template not found for route: logout
[20-Mar-2025 20:12:46 America/Fortaleza] Tried paths:
[20-Mar-2025 20:12:46 America/Fortaleza] - /home4/efsantos/public_html/pdi/templates/logout.php
[20-Mar-2025 20:12:46 America/Fortaleza] PHP Warning:  Undefined array key "is_admin" in /home4/efsantos/public_html/pdi/templates/base.php on line 58
[20-Mar-2025 20:12:47 America/Fortaleza] Database connection successful
[20-Mar-2025 20:12:47 America/Fortaleza] Users table already exists
[20-Mar-2025 20:12:47 America/Fortaleza] Template not found for route: logout
[20-Mar-2025 20:12:47 America/Fortaleza] Tried paths:
[20-Mar-2025 20:12:47 America/Fortaleza] - /home4/efsantos/public_html/pdi/templates/logout.php
[20-Mar-2025 20:12:47 America/Fortaleza] PHP Warning:  Undefined array key "is_admin" in /home4/efsantos/public_html/pdi/templates/base.php on line 58
[20-Mar-2025 20:15:54 America/Fortaleza] Database connection successful
[20-Mar-2025 20:15:54 America/Fortaleza] Users table already exists
[20-Mar-2025 20:15:54 America/Fortaleza] Template not found for route: logout
[20-Mar-2025 20:15:54 America/Fortaleza] Tried paths:
[20-Mar-2025 20:15:54 America/Fortaleza] - /home4/efsantos/public_html/pdi/templates/logout.php
[20-Mar-2025 20:15:57 America/Fortaleza] Database connection successful
[20-Mar-2025 20:15:57 America/Fortaleza] Users table already exists
[20-Mar-2025 20:15:57 America/Fortaleza] Loading template: /home4/efsantos/public_html/pdi/templates/auth/login.php
[20-Mar-2025 20:16:33 America/Fortaleza] Database connection successful
[20-Mar-2025 20:16:33 America/Fortaleza] Users table already exists
[20-Mar-2025 20:16:33 America/Fortaleza] Loading template: /home4/efsantos/public_html/pdi/templates/auth/login.php
[20-Mar-2025 20:16:33 America/Fortaleza] Login attempt for: admin@example.com
[20-Mar-2025 20:16:33 America/Fortaleza] Login failed
[20-Mar-2025 20:16:33 America/Fortaleza] Falha no login para o email: admin@example.com
[20-Mar-2025 21:06:35 America/Fortaleza] Database connection successful
[20-Mar-2025 21:06:35 America/Fortaleza] Users table already exists
[20-Mar-2025 21:06:35 America/Fortaleza] Loading template: /home4/efsantos/public_html/pdi/templates/auth/login.php
[20-Mar-2025 21:06:35 America/Fortaleza] Login attempt for: admin@example.com
[20-Mar-2025 21:06:35 America/Fortaleza] Login failed
[20-Mar-2025 21:06:35 America/Fortaleza] Falha no login para o email: admin@example.com
[20-Mar-2025 21:07:01 America/Fortaleza] Database connection successful
[20-Mar-2025 21:07:02 America/Fortaleza] Users table already exists
[20-Mar-2025 21:07:02 America/Fortaleza] Loading template: /home4/efsantos/public_html/pdi/templates/auth/login.php
[20-Mar-2025 21:07:02 America/Fortaleza] Login attempt for: admin@example.com
[20-Mar-2025 21:07:02 America/Fortaleza] Login failed
[20-Mar-2025 21:07:02 America/Fortaleza] Falha no login para o email: admin@example.com
[20-Mar-2025 21:07:05 America/Fortaleza] Database connection successful
[20-Mar-2025 21:07:05 America/Fortaleza] Users table already exists
[20-Mar-2025 21:07:05 America/Fortaleza] Loading template: /home4/efsantos/public_html/pdi/templates/auth/login.php
[20-Mar-2025 21:07:05 America/Fortaleza] Login attempt for: admin@example.com
[20-Mar-2025 21:07:05 America/Fortaleza] Login failed
[20-Mar-2025 21:07:05 America/Fortaleza] Falha no login para o email: admin@example.com
[20-Mar-2025 21:07:06 America/Fortaleza] Database connection successful
[20-Mar-2025 21:07:06 America/Fortaleza] Users table already exists
[20-Mar-2025 21:07:06 America/Fortaleza] Loading template: /home4/efsantos/public_html/pdi/templates/auth/login.php
[20-Mar-2025 21:07:27 America/Fortaleza] Database connection successful
[20-Mar-2025 21:07:27 America/Fortaleza] Users table already exists
[20-Mar-2025 21:07:27 America/Fortaleza] Loading template: /home4/efsantos/public_html/pdi/templates/auth/login.php
[20-Mar-2025 21:07:27 America/Fortaleza] Admin already exists
[20-Mar-2025 21:07:27 America/Fortaleza] Login attempt for: admin@proftest.com.br
[20-Mar-2025 21:07:27 America/Fortaleza] Login successful
[20-Mar-2025 21:07:27 America/Fortaleza] Database connection successful
[20-Mar-2025 21:07:27 America/Fortaleza] Users table already exists
[20-Mar-2025 21:07:27 America/Fortaleza] Loading template: /home4/efsantos/public_html/pdi/templates/home.php
[20-Mar-2025 21:07:27 America/Fortaleza] PHP Warning:  Undefined array key "role" in /home4/efsantos/public_html/pdi/templates/home.php on line 39
[20-Mar-2025 21:07:42 America/Fortaleza] Database connection successful
[20-Mar-2025 21:07:42 America/Fortaleza] Users table already exists
[20-Mar-2025 21:07:42 America/Fortaleza] Loading template: /home4/efsantos/public_html/pdi/templates/admin/index.php
[20-Mar-2025 21:13:14 America/Fortaleza] Database connection successful
[20-Mar-2025 21:13:14 America/Fortaleza] Users table already exists
[20-Mar-2025 21:13:14 America/Fortaleza] Loading template: /home4/efsantos/public_html/pdi/templates/admin/index.php
[20-Mar-2025 21:13:22 America/Fortaleza] Database connection successful
[20-Mar-2025 21:13:22 America/Fortaleza] Users table already exists
[20-Mar-2025 21:13:22 America/Fortaleza] Loading template: /home4/efsantos/public_html/pdi/templates/admin/users.php
[20-Mar-2025 21:14:02 America/Fortaleza] Database connection successful
[20-Mar-2025 21:14:02 America/Fortaleza] Users table already exists
[20-Mar-2025 21:14:02 America/Fortaleza] Loading template: /home4/efsantos/public_html/pdi/templates/admin/users/create.php
[20-Mar-2025 21:14:02 America/Fortaleza] Database connection successful
[20-Mar-2025 21:14:02 America/Fortaleza] Users table already exists
[20-Mar-2025 21:14:02 America/Fortaleza] Loading template: /home4/efsantos/public_html/pdi/templates/admin/users.php
[20-Mar-2025 21:16:57 America/Fortaleza] Database connection successful
[20-Mar-2025 21:16:57 America/Fortaleza] Users table already exists
[20-Mar-2025 21:16:57 America/Fortaleza] Loading template: /home4/efsantos/public_html/pdi/templates/admin/users.php
[20-Mar-2025 21:17:42 America/Fortaleza] Database connection successful
[20-Mar-2025 21:17:42 America/Fortaleza] Users table already exists
[20-Mar-2025 21:17:42 America/Fortaleza] Loading template: /home4/efsantos/public_html/pdi/templates/admin/index.php
[20-Mar-2025 21:18:04 America/Fortaleza] Database connection successful
[20-Mar-2025 21:18:04 America/Fortaleza] Users table already exists
[20-Mar-2025 21:18:04 America/Fortaleza] Loading template: /home4/efsantos/public_html/pdi/templates/pdi/index.php
[20-Mar-2025 21:18:07 America/Fortaleza] Database connection successful
[20-Mar-2025 21:18:07 America/Fortaleza] Users table already exists
[20-Mar-2025 21:18:07 America/Fortaleza] Loading template: /home4/efsantos/public_html/pdi/templates/pdi/view.php
[20-Mar-2025 21:18:24 America/Fortaleza] Database connection successful
[20-Mar-2025 21:18:24 America/Fortaleza] Users table already exists
[20-Mar-2025 21:18:24 America/Fortaleza] Loading template: /home4/efsantos/public_html/pdi/templates/pdi/index.php
[20-Mar-2025 21:21:55 America/Fortaleza] Database connection successful
[20-Mar-2025 21:21:55 America/Fortaleza] Users table already exists
[20-Mar-2025 21:21:55 America/Fortaleza] Loading template: /home4/efsantos/public_html/pdi/templates/pdi/index.php
[20-Mar-2025 21:21:56 America/Fortaleza] Database connection successful
[20-Mar-2025 21:21:56 America/Fortaleza] Users table already exists
[20-Mar-2025 21:21:56 America/Fortaleza] Loading template: /home4/efsantos/public_html/pdi/templates/admin/index.php
[20-Mar-2025 21:22:05 America/Fortaleza] Database connection successful
[20-Mar-2025 21:22:05 America/Fortaleza] Users table already exists
[20-Mar-2025 21:22:05 America/Fortaleza] Loading template: /home4/efsantos/public_html/pdi/templates/admin/index.php
[20-Mar-2025 21:22:08 America/Fortaleza] Database connection successful
[20-Mar-2025 21:22:08 America/Fortaleza] Users table already exists
[20-Mar-2025 21:22:08 America/Fortaleza] Loading template: /home4/efsantos/public_html/pdi/templates/admin/users.php
[20-Mar-2025 21:22:59 America/Fortaleza] Database connection successful
[20-Mar-2025 21:22:59 America/Fortaleza] Users table already exists
[20-Mar-2025 21:22:59 America/Fortaleza] Loading template: /home4/efsantos/public_html/pdi/templates/admin/index.php
[20-Mar-2025 21:24:32 America/Fortaleza] Database connection successful
[20-Mar-2025 21:24:32 America/Fortaleza] Users table already exists
[20-Mar-2025 21:24:32 America/Fortaleza] Loading template: /home4/efsantos/public_html/pdi/templates/admin/users.php
[20-Mar-2025 21:24:39 America/Fortaleza] Database connection successful
[20-Mar-2025 21:24:39 America/Fortaleza] Users table already exists
[20-Mar-2025 21:24:39 America/Fortaleza] Loading template: /home4/efsantos/public_html/pdi/templates/admin/users.php
[20-Mar-2025 21:24:49 America/Fortaleza] Database connection successful
[20-Mar-2025 21:24:49 America/Fortaleza] Users table already exists
[20-Mar-2025 21:24:49 America/Fortaleza] Loading template: /home4/efsantos/public_html/pdi/templates/admin/index.php
[20-Mar-2025 21:24:57 America/Fortaleza] Database connection successful
[20-Mar-2025 21:24:57 America/Fortaleza] Users table already exists
[20-Mar-2025 21:24:57 America/Fortaleza] Loading template: /home4/efsantos/public_html/pdi/templates/admin/index.php
[20-Mar-2025 21:26:39 America/Fortaleza] Database connection successful
[20-Mar-2025 21:26:39 America/Fortaleza] Users table already exists
[20-Mar-2025 21:26:39 America/Fortaleza] Loading template: /home4/efsantos/public_html/pdi/templates/admin/index.php
[20-Mar-2025 21:26:41 America/Fortaleza] Database connection successful
[20-Mar-2025 21:26:41 America/Fortaleza] Users table already exists
[20-Mar-2025 21:26:41 America/Fortaleza] Loading template: /home4/efsantos/public_html/pdi/templates/admin/users.php
[20-Mar-2025 21:26:54 America/Fortaleza] Database connection successful
[20-Mar-2025 21:26:54 America/Fortaleza] Users table already exists
[20-Mar-2025 21:26:54 America/Fortaleza] Loading template: /home4/efsantos/public_html/pdi/templates/admin/index.php
[20-Mar-2025 21:29:26 America/Fortaleza] Database connection successful
[20-Mar-2025 21:29:26 America/Fortaleza] Users table already exists
[20-Mar-2025 21:29:26 America/Fortaleza] Loading template: /home4/efsantos/public_html/pdi/templates/admin/index.php
[20-Mar-2025 21:29:28 America/Fortaleza] Database connection successful
[20-Mar-2025 21:29:28 America/Fortaleza] Users table already exists
[20-Mar-2025 21:29:28 America/Fortaleza] Loading template: /home4/efsantos/public_html/pdi/templates/admin/users.php
[20-Mar-2025 21:29:58 America/Fortaleza] Database connection successful
[20-Mar-2025 21:29:58 America/Fortaleza] Users table already exists
[20-Mar-2025 21:29:58 America/Fortaleza] Loading template: /home4/efsantos/public_html/pdi/templates/admin/users/update.php
[20-Mar-2025 21:29:59 America/Fortaleza] Database connection successful
[20-Mar-2025 21:29:59 America/Fortaleza] Users table already exists
[20-Mar-2025 21:29:59 America/Fortaleza] Loading template: /home4/efsantos/public_html/pdi/templates/admin/users.php
[20-Mar-2025 21:30:25 America/Fortaleza] Database connection successful
[20-Mar-2025 21:30:25 America/Fortaleza] Users table already exists
[20-Mar-2025 21:30:25 America/Fortaleza] Loading template: /home4/efsantos/public_html/pdi/templates/admin/users/update.php
[20-Mar-2025 21:30:25 America/Fortaleza] Database connection successful
[20-Mar-2025 21:30:25 America/Fortaleza] Users table already exists
[20-Mar-2025 21:30:25 America/Fortaleza] Loading template: /home4/efsantos/public_html/pdi/templates/admin/users.php
[20-Mar-2025 21:32:10 America/Fortaleza] Database connection successful
[20-Mar-2025 21:32:10 America/Fortaleza] Users table already exists
[20-Mar-2025 21:32:10 America/Fortaleza] Loading template: /home4/efsantos/public_html/pdi/templates/admin/users.php
[20-Mar-2025 21:32:49 America/Fortaleza] Database connection successful
[20-Mar-2025 21:32:49 America/Fortaleza] Users table already exists
[20-Mar-2025 21:32:49 America/Fortaleza] Loading template: /home4/efsantos/public_html/pdi/templates/admin/users.php
[20-Mar-2025 21:35:09 America/Fortaleza] Database connection successful
[20-Mar-2025 21:35:09 America/Fortaleza] Users table already exists
[20-Mar-2025 21:35:09 America/Fortaleza] Loading template: /home4/efsantos/public_html/pdi/templates/home.php
[20-Mar-2025 21:35:09 America/Fortaleza] PHP Warning:  Undefined array key "role" in /home4/efsantos/public_html/pdi/templates/home.php on line 39
[20-Mar-2025 21:35:13 America/Fortaleza] Database connection successful
[20-Mar-2025 21:35:13 America/Fortaleza] Users table already exists
[20-Mar-2025 21:35:13 America/Fortaleza] Loading template: /home4/efsantos/public_html/pdi/templates/pdi/index.php
[20-Mar-2025 21:35:16 America/Fortaleza] Database connection successful
[20-Mar-2025 21:35:16 America/Fortaleza] Users table already exists
[20-Mar-2025 21:35:16 America/Fortaleza] Loading template: /home4/efsantos/public_html/pdi/templates/pdi/view.php
[20-Mar-2025 21:35:19 America/Fortaleza] Database connection successful
[20-Mar-2025 21:35:19 America/Fortaleza] Users table already exists
[20-Mar-2025 21:35:19 America/Fortaleza] Loading template: /home4/efsantos/public_html/pdi/templates/pdi/index.php
[20-Mar-2025 21:35:20 America/Fortaleza] Database connection successful
[20-Mar-2025 21:35:20 America/Fortaleza] Users table already exists
[20-Mar-2025 21:35:20 America/Fortaleza] Loading template: /home4/efsantos/public_html/pdi/templates/pdi/novo.php
[20-Mar-2025 21:35:29 America/Fortaleza] Database connection successful
[20-Mar-2025 21:35:29 America/Fortaleza] Users table already exists
[20-Mar-2025 21:35:29 America/Fortaleza] Loading template: /home4/efsantos/public_html/pdi/templates/auth/login.php
[20-Mar-2025 21:35:58 America/Fortaleza] Database connection successful
[20-Mar-2025 21:35:58 America/Fortaleza] Users table already exists
[20-Mar-2025 21:35:58 America/Fortaleza] Loading template: /home4/efsantos/public_html/pdi/templates/auth/login.php
[20-Mar-2025 21:35:58 America/Fortaleza] Admin already exists
[20-Mar-2025 21:35:58 America/Fortaleza] Login attempt for: admin@proftest.com.br
[20-Mar-2025 21:35:58 America/Fortaleza] Login successful
[20-Mar-2025 21:35:58 America/Fortaleza] Database connection successful
[20-Mar-2025 21:35:58 America/Fortaleza] Users table already exists
[20-Mar-2025 21:35:58 America/Fortaleza] Loading template: /home4/efsantos/public_html/pdi/templates/home.php
[20-Mar-2025 21:35:58 America/Fortaleza] PHP Warning:  Undefined array key "role" in /home4/efsantos/public_html/pdi/templates/home.php on line 39
[20-Mar-2025 21:40:00 America/Fortaleza] Database connection successful
[20-Mar-2025 21:40:00 America/Fortaleza] Users table already exists
[20-Mar-2025 21:40:00 America/Fortaleza] Loading template: /home4/efsantos/public_html/pdi/templates/home.php
[20-Mar-2025 21:40:00 America/Fortaleza] PHP Warning:  Undefined array key "role" in /home4/efsantos/public_html/pdi/templates/home.php on line 39
[20-Mar-2025 21:40:04 America/Fortaleza] Database connection successful
[20-Mar-2025 21:40:04 America/Fortaleza] Users table already exists
[20-Mar-2025 21:40:04 America/Fortaleza] Loading template: /home4/efsantos/public_html/pdi/templates/auth/login.php
[20-Mar-2025 21:40:26 America/Fortaleza] Database connection successful
[20-Mar-2025 21:40:26 America/Fortaleza] Users table already exists
[20-Mar-2025 21:40:26 America/Fortaleza] Loading template: /home4/efsantos/public_html/pdi/templates/auth/login.php
[20-Mar-2025 21:40:26 America/Fortaleza] Admin already exists
[20-Mar-2025 21:40:26 America/Fortaleza] Login attempt for: admin@proftest.com.br
[20-Mar-2025 21:40:26 America/Fortaleza] Login successful
[20-Mar-2025 21:40:27 America/Fortaleza] Database connection successful
[20-Mar-2025 21:40:27 America/Fortaleza] Users table already exists
[20-Mar-2025 21:40:27 America/Fortaleza] Loading template: /home4/efsantos/public_html/pdi/templates/home.php
[20-Mar-2025 21:40:33 America/Fortaleza] Database connection successful
[20-Mar-2025 21:40:33 America/Fortaleza] Users table already exists
[20-Mar-2025 21:40:33 America/Fortaleza] Loading template: /home4/efsantos/public_html/pdi/templates/pdi/index.php
[20-Mar-2025 21:40:38 America/Fortaleza] Database connection successful
[20-Mar-2025 21:40:38 America/Fortaleza] Users table already exists
[20-Mar-2025 21:40:38 America/Fortaleza] Loading template: /home4/efsantos/public_html/pdi/templates/admin/index.php
[20-Mar-2025 21:40:45 America/Fortaleza] Database connection successful
[20-Mar-2025 21:40:45 America/Fortaleza] Users table already exists
[20-Mar-2025 21:40:45 America/Fortaleza] Loading template: /home4/efsantos/public_html/pdi/templates/admin/users.php
[20-Mar-2025 21:41:23 America/Fortaleza] Database connection successful
[20-Mar-2025 21:41:23 America/Fortaleza] Users table already exists
[20-Mar-2025 21:41:23 America/Fortaleza] Loading template: /home4/efsantos/public_html/pdi/templates/home.php
[20-Mar-2025 21:41:27 America/Fortaleza] Database connection successful
[20-Mar-2025 21:41:27 America/Fortaleza] Users table already exists
[20-Mar-2025 21:41:27 America/Fortaleza] Loading template: /home4/efsantos/public_html/pdi/templates/admin/index.php
[20-Mar-2025 21:41:30 America/Fortaleza] Database connection successful
[20-Mar-2025 21:41:30 America/Fortaleza] Users table already exists
[20-Mar-2025 21:41:30 America/Fortaleza] Loading template: /home4/efsantos/public_html/pdi/templates/home.php
[20-Mar-2025 21:41:31 America/Fortaleza] Database connection successful
[20-Mar-2025 21:41:31 America/Fortaleza] Users table already exists
[20-Mar-2025 21:41:31 America/Fortaleza] Template not found for route: courses
[20-Mar-2025 21:41:31 America/Fortaleza] Tried paths:
[20-Mar-2025 21:41:31 America/Fortaleza] - /home4/efsantos/public_html/pdi/templates/courses.php
[20-Mar-2025 21:56:55 America/Fortaleza] Database connection successful
[20-Mar-2025 21:56:55 America/Fortaleza] Users table already exists
[20-Mar-2025 21:56:55 America/Fortaleza] Loading template: /home4/efsantos/public_html/pdi/templates/home.php
[20-Mar-2025 21:57:00 America/Fortaleza] Database connection successful
[20-Mar-2025 21:57:00 America/Fortaleza] Users table already exists
[20-Mar-2025 21:57:00 America/Fortaleza] Template not found for route: courses
[20-Mar-2025 21:57:00 America/Fortaleza] Tried paths:
[20-Mar-2025 21:57:00 America/Fortaleza] - /home4/efsantos/public_html/pdi/templates/courses.php
[20-Mar-2025 21:57:03 America/Fortaleza] Database connection successful
[20-Mar-2025 21:57:03 America/Fortaleza] Users table already exists
[20-Mar-2025 21:57:03 America/Fortaleza] Loading template: /home4/efsantos/public_html/pdi/templates/home.php
[20-Mar-2025 21:59:46 America/Fortaleza] Database connection successful
[20-Mar-2025 21:59:46 America/Fortaleza] Users table already exists
[20-Mar-2025 21:59:46 America/Fortaleza] Loading template: /home4/efsantos/public_html/pdi/templates/home.php
[20-Mar-2025 21:59:48 America/Fortaleza] Database connection successful
[20-Mar-2025 21:59:48 America/Fortaleza] Users table already exists
[20-Mar-2025 21:59:48 America/Fortaleza] Loading template: /home4/efsantos/public_html/pdi/templates/courses/catalog.php
[20-Mar-2025 21:59:48 America/Fortaleza] Error listing courses: SQLSTATE[42S22]: Column not found: 1054 Unknown column 'c.active' in 'where clause'
[20-Mar-2025 22:00:02 America/Fortaleza] Database connection successful
[20-Mar-2025 22:00:02 America/Fortaleza] Users table already exists
[20-Mar-2025 22:00:02 America/Fortaleza] Loading template: /home4/efsantos/public_html/pdi/templates/courses/catalog.php
[20-Mar-2025 22:00:02 America/Fortaleza] Error listing courses: SQLSTATE[42S22]: Column not found: 1054 Unknown column 'c.active' in 'where clause'
[20-Mar-2025 22:03:51 America/Fortaleza] Database connection successful
[20-Mar-2025 22:03:51 America/Fortaleza] Users table already exists
[20-Mar-2025 22:03:51 America/Fortaleza] Loading template: /home4/efsantos/public_html/pdi/templates/courses/catalog.php
[20-Mar-2025 22:03:51 America/Fortaleza] Error listing courses: SQLSTATE[42S22]: Column not found: 1054 Unknown column 'c.active' in 'where clause'
[20-Mar-2025 22:03:53 America/Fortaleza] Database connection successful
[20-Mar-2025 22:03:53 America/Fortaleza] Users table already exists
[20-Mar-2025 22:03:53 America/Fortaleza] Loading template: /home4/efsantos/public_html/pdi/templates/admin/index.php
[20-Mar-2025 22:04:02 America/Fortaleza] Database connection successful
[20-Mar-2025 22:04:02 America/Fortaleza] Users table already exists
[20-Mar-2025 22:04:02 America/Fortaleza] Loading template: /home4/efsantos/public_html/pdi/templates/admin/index.php
[20-Mar-2025 22:04:12 America/Fortaleza] Database connection successful
[20-Mar-2025 22:04:12 America/Fortaleza] Users table already exists
[20-Mar-2025 22:04:12 America/Fortaleza] Loading template: /home4/efsantos/public_html/pdi/templates/home.php
[20-Mar-2025 22:04:15 America/Fortaleza] Database connection successful
[20-Mar-2025 22:04:15 America/Fortaleza] Users table already exists
[20-Mar-2025 22:04:15 America/Fortaleza] Loading template: /home4/efsantos/public_html/pdi/templates/admin/index.php
[20-Mar-2025 22:04:18 America/Fortaleza] Database connection successful
[20-Mar-2025 22:04:18 America/Fortaleza] Users table already exists
[20-Mar-2025 22:04:18 America/Fortaleza] Loading template: /home4/efsantos/public_html/pdi/templates/home.php
[20-Mar-2025 22:04:20 America/Fortaleza] Database connection successful
[20-Mar-2025 22:04:20 America/Fortaleza] Users table already exists
[20-Mar-2025 22:04:20 America/Fortaleza] Loading template: /home4/efsantos/public_html/pdi/templates/courses/catalog.php
[20-Mar-2025 22:04:20 America/Fortaleza] Error listing courses: SQLSTATE[42S22]: Column not found: 1054 Unknown column 'c.active' in 'where clause'
[20-Mar-2025 22:04:35 America/Fortaleza] Database connection successful
[20-Mar-2025 22:04:35 America/Fortaleza] Users table already exists
[20-Mar-2025 22:04:35 America/Fortaleza] Loading template: /home4/efsantos/public_html/pdi/templates/courses/catalog.php
[20-Mar-2025 22:04:35 America/Fortaleza] Error listing courses: SQLSTATE[42S22]: Column not found: 1054 Unknown column 'c.active' in 'where clause'
[20-Mar-2025 22:04:36 America/Fortaleza] Database connection successful
[20-Mar-2025 22:04:36 America/Fortaleza] Users table already exists
[20-Mar-2025 22:04:36 America/Fortaleza] Loading template: /home4/efsantos/public_html/pdi/templates/courses/catalog.php
[20-Mar-2025 22:04:36 America/Fortaleza] Error listing courses: SQLSTATE[42S22]: Column not found: 1054 Unknown column 'c.active' in 'where clause'
[20-Mar-2025 22:04:40 America/Fortaleza] Database connection successful
[20-Mar-2025 22:04:40 America/Fortaleza] Users table already exists
[20-Mar-2025 22:04:40 America/Fortaleza] Loading template: /home4/efsantos/public_html/pdi/templates/admin/index.php
[20-Mar-2025 22:05:01 America/Fortaleza] Database connection successful
[20-Mar-2025 22:05:01 America/Fortaleza] Users table already exists
[20-Mar-2025 22:05:01 America/Fortaleza] Loading template: /home4/efsantos/public_html/pdi/templates/auth/login.php
[20-Mar-2025 22:05:21 America/Fortaleza] Database connection successful
[20-Mar-2025 22:05:21 America/Fortaleza] Users table already exists
[20-Mar-2025 22:05:21 America/Fortaleza] Loading template: /home4/efsantos/public_html/pdi/templates/auth/login.php
[20-Mar-2025 22:05:21 America/Fortaleza] Admin already exists
[20-Mar-2025 22:05:21 America/Fortaleza] Login attempt for: admin@proftest.com.br
[20-Mar-2025 22:05:21 America/Fortaleza] Login successful
[20-Mar-2025 22:05:21 America/Fortaleza] Database connection successful
[20-Mar-2025 22:05:21 America/Fortaleza] Users table already exists
[20-Mar-2025 22:05:21 America/Fortaleza] Loading template: /home4/efsantos/public_html/pdi/templates/home.php
[20-Mar-2025 22:05:28 America/Fortaleza] Database connection successful
[20-Mar-2025 22:05:28 America/Fortaleza] Users table already exists
[20-Mar-2025 22:05:28 America/Fortaleza] Loading template: /home4/efsantos/public_html/pdi/templates/admin/index.php
[20-Mar-2025 22:05:35 America/Fortaleza] Database connection successful
[20-Mar-2025 22:05:35 America/Fortaleza] Users table already exists
[20-Mar-2025 22:05:35 America/Fortaleza] Loading template: /home4/efsantos/public_html/pdi/templates/pdi/index.php
[20-Mar-2025 22:05:37 America/Fortaleza] Database connection successful
[20-Mar-2025 22:05:37 America/Fortaleza] Users table already exists
[20-Mar-2025 22:05:37 America/Fortaleza] Template not found for route: coaching
[20-Mar-2025 22:05:37 America/Fortaleza] Tried paths:
[20-Mar-2025 22:05:37 America/Fortaleza] - /home4/efsantos/public_html/pdi/templates/coaching.php
[20-Mar-2025 22:05:38 America/Fortaleza] Database connection successful
[20-Mar-2025 22:05:38 America/Fortaleza] Users table already exists
[20-Mar-2025 22:05:38 America/Fortaleza] Loading template: /home4/efsantos/public_html/pdi/templates/courses/catalog.php
[20-Mar-2025 22:05:38 America/Fortaleza] Error listing courses: SQLSTATE[42S22]: Column not found: 1054 Unknown column 'c.active' in 'where clause'
[20-Mar-2025 22:05:50 America/Fortaleza] Database connection successful
[20-Mar-2025 22:05:50 America/Fortaleza] Users table already exists
[20-Mar-2025 22:05:50 America/Fortaleza] Loading template: /home4/efsantos/public_html/pdi/templates/admin/index.php
[20-Mar-2025 22:10:01 America/Fortaleza] Database connection successful
[20-Mar-2025 22:10:01 America/Fortaleza] Users table already exists
[20-Mar-2025 22:10:01 America/Fortaleza] Loading template: /home4/efsantos/public_html/pdi/templates/auth/login.php
[20-Mar-2025 22:10:21 America/Fortaleza] Database connection successful
[20-Mar-2025 22:10:21 America/Fortaleza] Users table already exists
[20-Mar-2025 22:10:21 America/Fortaleza] Loading template: /home4/efsantos/public_html/pdi/templates/auth/login.php
[20-Mar-2025 22:10:21 America/Fortaleza] Admin already exists
[20-Mar-2025 22:10:21 America/Fortaleza] Login attempt for: admin@proftest.com.br
[20-Mar-2025 22:10:21 America/Fortaleza] Login successful
[20-Mar-2025 22:10:21 America/Fortaleza] Database connection successful
[20-Mar-2025 22:10:21 America/Fortaleza] Users table already exists
[20-Mar-2025 22:10:21 America/Fortaleza] Loading template: /home4/efsantos/public_html/pdi/templates/home.php
[20-Mar-2025 22:10:42 America/Fortaleza] Database connection successful
[20-Mar-2025 22:10:42 America/Fortaleza] Users table already exists
[20-Mar-2025 22:10:42 America/Fortaleza] Loading template: /home4/efsantos/public_html/pdi/templates/courses/catalog.php
[20-Mar-2025 22:10:42 America/Fortaleza] Error listing courses: SQLSTATE[42S22]: Column not found: 1054 Unknown column 'c.active' in 'where clause'
[20-Mar-2025 22:10:47 America/Fortaleza] Database connection successful
[20-Mar-2025 22:10:47 America/Fortaleza] Users table already exists
[20-Mar-2025 22:10:47 America/Fortaleza] Loading template: /home4/efsantos/public_html/pdi/templates/admin/index.php
[20-Mar-2025 22:10:55 America/Fortaleza] Database connection successful
[20-Mar-2025 22:10:55 America/Fortaleza] Users table already exists
[20-Mar-2025 22:10:55 America/Fortaleza] Loading template: /home4/efsantos/public_html/pdi/templates/courses/catalog.php
[20-Mar-2025 22:10:55 America/Fortaleza] Error listing courses: SQLSTATE[42S22]: Column not found: 1054 Unknown column 'c.active' in 'where clause'
[20-Mar-2025 22:11:00 America/Fortaleza] Database connection successful
[20-Mar-2025 22:11:00 America/Fortaleza] Users table already exists
[20-Mar-2025 22:11:00 America/Fortaleza] Loading template: /home4/efsantos/public_html/pdi/templates/courses/manage.php
[20-Mar-2025 22:11:00 America/Fortaleza] === DEBUG SESSION START ===
[20-Mar-2025 22:11:00 America/Fortaleza] Session data: Array
(
    [user] => Array
        (
            [id] => 6
            [name] => Administrador
            [email] => admin@proftest.com.br
            [is_admin] => 1
            [is_manager] => 1
            [manager_id] => 
            [role] => admin
        )

)

[20-Mar-2025 22:11:00 America/Fortaleza] User role: admin
[20-Mar-2025 22:11:00 America/Fortaleza] Is admin: true
[20-Mar-2025 22:11:00 America/Fortaleza] === DEBUG SESSION END ===
[20-Mar-2025 22:11:00 America/Fortaleza] Error listing courses: SQLSTATE[42S22]: Column not found: 1054 Unknown column 'c.active' in 'where clause'
[20-Mar-2025 22:11:38 America/Fortaleza] Database connection successful
[20-Mar-2025 22:11:38 America/Fortaleza] Users table already exists
[20-Mar-2025 22:11:38 America/Fortaleza] Error creating course: SQLSTATE[42S22]: Column not found: 1054 Unknown column 'duration_hours' in 'field list'
[20-Mar-2025 22:13:02 America/Fortaleza] Database connection successful
[20-Mar-2025 22:13:02 America/Fortaleza] Users table already exists
[20-Mar-2025 22:13:02 America/Fortaleza] Error creating course: SQLSTATE[42S22]: Column not found: 1054 Unknown column 'duration_hours' in 'field list'
[20-Mar-2025 22:18:00 America/Fortaleza] Database connection successful
[20-Mar-2025 22:18:00 America/Fortaleza] Users table already exists
[20-Mar-2025 22:18:00 America/Fortaleza] Loading template: /home4/efsantos/public_html/pdi/templates/auth/login.php
[20-Mar-2025 22:18:24 America/Fortaleza] Database connection successful
[20-Mar-2025 22:18:24 America/Fortaleza] Users table already exists
[20-Mar-2025 22:18:24 America/Fortaleza] Loading template: /home4/efsantos/public_html/pdi/templates/auth/login.php
[20-Mar-2025 22:18:24 America/Fortaleza] Admin already exists
[20-Mar-2025 22:18:24 America/Fortaleza] Login attempt for: admin@proftest.com.br
[20-Mar-2025 22:18:24 America/Fortaleza] Login successful
[20-Mar-2025 22:18:25 America/Fortaleza] Database connection successful
[20-Mar-2025 22:18:25 America/Fortaleza] Users table already exists
[20-Mar-2025 22:18:25 America/Fortaleza] Loading template: /home4/efsantos/public_html/pdi/templates/home.php
[20-Mar-2025 22:18:34 America/Fortaleza] Database connection successful
[20-Mar-2025 22:18:34 America/Fortaleza] Users table already exists
[20-Mar-2025 22:18:34 America/Fortaleza] Loading template: /home4/efsantos/public_html/pdi/templates/courses/manage.php
[20-Mar-2025 22:18:34 America/Fortaleza] === DEBUG SESSION START ===
[20-Mar-2025 22:18:34 America/Fortaleza] Session data: Array
(
    [user] => Array
        (
            [id] => 6
            [name] => Administrador
            [email] => admin@proftest.com.br
            [is_admin] => 1
            [is_manager] => 1
            [manager_id] => 
            [role] => admin
        )

)

[20-Mar-2025 22:18:34 America/Fortaleza] User role: admin
[20-Mar-2025 22:18:34 America/Fortaleza] Is admin: true
[20-Mar-2025 22:18:34 America/Fortaleza] === DEBUG SESSION END ===
[20-Mar-2025 22:18:34 America/Fortaleza] Error listing courses: SQLSTATE[42S22]: Column not found: 1054 Unknown column 'c.active' in 'where clause'
[20-Mar-2025 22:18:58 America/Fortaleza] Database connection successful
[20-Mar-2025 22:18:58 America/Fortaleza] Users table already exists
[20-Mar-2025 22:18:58 America/Fortaleza] === Course Action Debug ===
[20-Mar-2025 22:18:58 America/Fortaleza] Session: Array
(
    [user] => Array
        (
            [id] => 6
            [name] => Administrador
            [email] => admin@proftest.com.br
            [is_admin] => 1
            [is_manager] => 1
            [manager_id] => 
            [role] => admin
        )

)

[20-Mar-2025 22:18:58 America/Fortaleza] POST data: Array
(
    [course_id] => 
    [title] => ryrywrywtywy ywerywery
    [category_id] => 2
    [level] => intermediate
    [duration_hours] => 40
    [description] => asasaewt twtwtq
    [content] => arwerweqr qwtwqerwqrqw
)

[20-Mar-2025 22:18:58 America/Fortaleza] Action: create
[20-Mar-2025 22:18:58 America/Fortaleza] Processing course creation
[20-Mar-2025 22:18:58 America/Fortaleza] Creating course with data: Array
(
    [title] => ryrywrywtywy ywerywery
    [category_id] => 2
    [level] => intermediate
    [description] => asasaewt twtwtq
    [content] => arwerweqr qwtwqerwqrqw
    [duration_hours] => 40
)

[20-Mar-2025 22:18:58 America/Fortaleza] Error creating course: SQLSTATE[42S22]: Column not found: 1054 Unknown column 'duration_hours' in 'field list'
[20-Mar-2025 22:22:36 America/Fortaleza] Database connection successful
[20-Mar-2025 22:22:36 America/Fortaleza] Users table already exists
[20-Mar-2025 22:22:36 America/Fortaleza] Loading template: /home4/efsantos/public_html/pdi/templates/courses/manage.php
[20-Mar-2025 22:22:36 America/Fortaleza] === DEBUG SESSION START ===
[20-Mar-2025 22:22:36 America/Fortaleza] Session data: Array
(
    [user] => Array
        (
            [id] => 6
            [name] => Administrador
            [email] => admin@proftest.com.br
            [is_admin] => 1
            [is_manager] => 1
            [manager_id] => 
            [role] => admin
        )

)

[20-Mar-2025 22:22:36 America/Fortaleza] User role: admin
[20-Mar-2025 22:22:36 America/Fortaleza] Is admin: true
[20-Mar-2025 22:22:36 America/Fortaleza] === DEBUG SESSION END ===
[20-Mar-2025 22:22:36 America/Fortaleza] Error listing courses: SQLSTATE[42S22]: Column not found: 1054 Unknown column 'c.active' in 'where clause'
[20-Mar-2025 22:22:49 America/Fortaleza] Database connection successful
[20-Mar-2025 22:22:49 America/Fortaleza] Users table already exists
[20-Mar-2025 22:22:49 America/Fortaleza] === Course Action Debug ===
[20-Mar-2025 22:22:49 America/Fortaleza] Session: Array
(
    [user] => Array
        (
            [id] => 6
            [name] => Administrador
            [email] => admin@proftest.com.br
            [is_admin] => 1
            [is_manager] => 1
            [manager_id] => 
            [role] => admin
        )

)

[20-Mar-2025 22:22:49 America/Fortaleza] POST data: Array
(
    [course_id] => 
    [title] => zcsafsfsadfdsfs
    [category_id] => 2
    [level] => intermediate
    [duration_hours] => 40
    [description] => Fsdfsafsdafasd
    [content] => sdfsadfsdafsdafasdf
)

[20-Mar-2025 22:22:49 America/Fortaleza] Action: create
[20-Mar-2025 22:22:49 America/Fortaleza] Processing course creation
[20-Mar-2025 22:22:49 America/Fortaleza] Creating course with data: Array
(
    [title] => zcsafsfsadfdsfs
    [category_id] => 2
    [level] => intermediate
    [description] => Fsdfsafsdafasd
    [content] => sdfsadfsdafsdafasdf
    [duration_hours] => 40
)

[20-Mar-2025 22:22:49 America/Fortaleza] Error creating course: SQLSTATE[42S22]: Column not found: 1054 Unknown column 'duration_hours' in 'field list'
[20-Mar-2025 22:26:27 America/Fortaleza] Database connection successful
[20-Mar-2025 22:26:27 America/Fortaleza] Users table already exists
[20-Mar-2025 22:26:27 America/Fortaleza] Loading template: /home4/efsantos/public_html/pdi/templates/courses/manage.php
[20-Mar-2025 22:26:27 America/Fortaleza] === DEBUG SESSION START ===
[20-Mar-2025 22:26:27 America/Fortaleza] Session data: Array
(
    [user] => Array
        (
            [id] => 6
            [name] => Administrador
            [email] => admin@proftest.com.br
            [is_admin] => 1
            [is_manager] => 1
            [manager_id] => 
            [role] => admin
        )

)

[20-Mar-2025 22:26:27 America/Fortaleza] User role: admin
[20-Mar-2025 22:26:27 America/Fortaleza] Is admin: true
[20-Mar-2025 22:26:27 America/Fortaleza] === DEBUG SESSION END ===
[20-Mar-2025 22:26:27 America/Fortaleza] Error getting courses: SQLSTATE[42S22]: Column not found: 1054 Unknown column 'c.active' in 'where clause'
[20-Mar-2025 22:26:45 America/Fortaleza] Database connection successful
[20-Mar-2025 22:26:45 America/Fortaleza] Users table already exists
[20-Mar-2025 22:26:45 America/Fortaleza] === Course Action Debug ===
[20-Mar-2025 22:26:45 America/Fortaleza] Session: Array
(
    [user] => Array
        (
            [id] => 6
            [name] => Administrador
            [email] => admin@proftest.com.br
            [is_admin] => 1
            [is_manager] => 1
            [manager_id] => 
            [role] => admin
        )

)

[20-Mar-2025 22:26:45 America/Fortaleza] POST data: Array
(
    [course_id] => 
    [title] => sfsdfsadfsadfas
    [category_id] => 2
    [level] => basic
    [duration_hours] => 40
    [description] => sdfafsadfsadfasdfsadf
    [content] => sdfasfasfas
)

[20-Mar-2025 22:26:45 America/Fortaleza] Action: create
[20-Mar-2025 22:26:45 America/Fortaleza] Processing course creation
[20-Mar-2025 22:26:45 America/Fortaleza] Creating course with data: Array
(
    [title] => sfsdfsadfsadfas
    [category_id] => 2
    [level] => basic
    [description] => sdfafsadfsadfasdfsadf
    [content] => sdfasfasfas
    [duration_hours] => 40
)

[20-Mar-2025 22:26:45 America/Fortaleza] Error creating course: SQLSTATE[42S22]: Column not found: 1054 Unknown column 'duration_hours' in 'field list'
[20-Mar-2025 22:26:45 America/Fortaleza] Error in course action: Erro ao criar o curso no banco de dados
[20-Mar-2025 22:26:54 America/Fortaleza] Database connection successful
[20-Mar-2025 22:26:54 America/Fortaleza] Users table already exists
[20-Mar-2025 22:26:54 America/Fortaleza] === Course Action Debug ===
[20-Mar-2025 22:26:54 America/Fortaleza] Session: Array
(
    [user] => Array
        (
            [id] => 6
            [name] => Administrador
            [email] => admin@proftest.com.br
            [is_admin] => 1
            [is_manager] => 1
            [manager_id] => 
            [role] => admin
        )

)

[20-Mar-2025 22:26:54 America/Fortaleza] POST data: Array
(
    [course_id] => 
    [title] => sfsdfsadfsadfas
    [category_id] => 2
    [level] => basic
    [duration_hours] => 40
    [description] => sdfafsadfsadfasdfsadf
    [content] => sdfasfasfas
)

[20-Mar-2025 22:26:54 America/Fortaleza] Action: create
[20-Mar-2025 22:26:54 America/Fortaleza] Processing course creation
[20-Mar-2025 22:26:54 America/Fortaleza] Creating course with data: Array
(
    [title] => sfsdfsadfsadfas
    [category_id] => 2
    [level] => basic
    [description] => sdfafsadfsadfasdfsadf
    [content] => sdfasfasfas
    [duration_hours] => 40
)

[20-Mar-2025 22:26:54 America/Fortaleza] Error creating course: SQLSTATE[42S22]: Column not found: 1054 Unknown column 'duration_hours' in 'field list'
[20-Mar-2025 22:26:54 America/Fortaleza] Error in course action: Erro ao criar o curso no banco de dados
[21-Mar-2025 08:54:11 America/Fortaleza] Database connection successful
[21-Mar-2025 08:54:11 America/Fortaleza] Users table already exists
[21-Mar-2025 08:54:11 America/Fortaleza] Database connection successful
[21-Mar-2025 08:54:11 America/Fortaleza] Users table already exists
[21-Mar-2025 08:54:11 America/Fortaleza] Loading template: /home4/efsantos/public_html/pdi/templates/auth/login.php
[21-Mar-2025 19:51:23 America/Fortaleza] Database connection successful
[21-Mar-2025 19:51:23 America/Fortaleza] Users table already exists
[21-Mar-2025 19:51:23 America/Fortaleza] Template not found for route: login.html
[21-Mar-2025 19:51:23 America/Fortaleza] Tried paths:
[21-Mar-2025 19:51:23 America/Fortaleza] - /home4/efsantos/public_html/pdi/templates/login.html.php
[21-Mar-2025 19:51:29 America/Fortaleza] Database connection successful
[21-Mar-2025 19:51:29 America/Fortaleza] Users table already exists
[21-Mar-2025 19:51:29 America/Fortaleza] Loading template: /home4/efsantos/public_html/pdi/templates/home.php
[21-Mar-2025 19:51:38 America/Fortaleza] Database connection successful
[21-Mar-2025 19:51:38 America/Fortaleza] Users table already exists
[21-Mar-2025 19:51:38 America/Fortaleza] Loading template: /home4/efsantos/public_html/pdi/templates/auth/login.php
[21-Mar-2025 19:51:55 America/Fortaleza] Database connection successful
[21-Mar-2025 19:51:55 America/Fortaleza] Users table already exists
[21-Mar-2025 19:51:55 America/Fortaleza] Loading template: /home4/efsantos/public_html/pdi/templates/auth/login.php
[21-Mar-2025 19:51:55 America/Fortaleza] Admin already exists
[21-Mar-2025 19:51:55 America/Fortaleza] Login attempt for: admin@proftest.com.br
[21-Mar-2025 19:51:55 America/Fortaleza] Login successful
[21-Mar-2025 19:51:56 America/Fortaleza] Database connection successful
[21-Mar-2025 19:51:56 America/Fortaleza] Users table already exists
[21-Mar-2025 19:51:56 America/Fortaleza] Loading template: /home4/efsantos/public_html/pdi/templates/home.php
[21-Mar-2025 19:52:00 America/Fortaleza] Database connection successful
[21-Mar-2025 19:52:00 America/Fortaleza] Users table already exists
[21-Mar-2025 19:52:00 America/Fortaleza] Loading template: /home4/efsantos/public_html/pdi/templates/pdi/index.php
[21-Mar-2025 19:52:04 America/Fortaleza] Database connection successful
[21-Mar-2025 19:52:04 America/Fortaleza] Users table already exists
[21-Mar-2025 19:52:04 America/Fortaleza] Loading template: /home4/efsantos/public_html/pdi/templates/pdi/novo.php
[21-Mar-2025 19:52:06 America/Fortaleza] Database connection successful
[21-Mar-2025 19:52:06 America/Fortaleza] Users table already exists
[21-Mar-2025 19:52:06 America/Fortaleza] Loading template: /home4/efsantos/public_html/pdi/templates/pdi/index.php
[21-Mar-2025 19:52:09 America/Fortaleza] Database connection successful
[21-Mar-2025 19:52:09 America/Fortaleza] Users table already exists
[21-Mar-2025 19:52:09 America/Fortaleza] Loading template: /home4/efsantos/public_html/pdi/templates/courses/catalog.php
[21-Mar-2025 19:52:09 America/Fortaleza] Error getting courses: SQLSTATE[42S22]: Column not found: 1054 Unknown column 'c.active' in 'where clause'
[21-Mar-2025 19:52:22 America/Fortaleza] Database connection successful
[21-Mar-2025 19:52:22 America/Fortaleza] Users table already exists
[21-Mar-2025 19:52:22 America/Fortaleza] Loading template: /home4/efsantos/public_html/pdi/templates/courses/manage.php
[21-Mar-2025 19:52:22 America/Fortaleza] === DEBUG SESSION START ===
[21-Mar-2025 19:52:22 America/Fortaleza] Session data: Array
(
    [user] => Array
        (
            [id] => 6
            [name] => Administrador
            [email] => admin@proftest.com.br
            [is_admin] => 1
            [is_manager] => 1
            [manager_id] => 
            [role] => admin
        )

)

[21-Mar-2025 19:52:22 America/Fortaleza] User role: admin
[21-Mar-2025 19:52:22 America/Fortaleza] Is admin: true
[21-Mar-2025 19:52:22 America/Fortaleza] === DEBUG SESSION END ===
[21-Mar-2025 19:52:22 America/Fortaleza] Error getting courses: SQLSTATE[42S22]: Column not found: 1054 Unknown column 'c.active' in 'where clause'
[21-Mar-2025 19:57:28 America/Fortaleza] Database connection successful
[21-Mar-2025 19:57:28 America/Fortaleza] Users table already exists
[21-Mar-2025 19:57:28 America/Fortaleza] === Course Action Debug ===
[21-Mar-2025 19:57:28 America/Fortaleza] Session: Array
(
    [user] => Array
        (
            [id] => 6
            [name] => Administrador
            [email] => admin@proftest.com.br
            [is_admin] => 1
            [is_manager] => 1
            [manager_id] => 
            [role] => admin
        )

)

[21-Mar-2025 19:57:28 America/Fortaleza] POST data: Array
(
    [course_id] => 
    [title] => Inteligência Artificial
    [category_id] => 13
    [level] => intermediate
    [duration_hours] => 10
    [description] => teste
    [content] => http://brilhamente.net
)

[21-Mar-2025 19:57:28 America/Fortaleza] Action: create
[21-Mar-2025 19:57:28 America/Fortaleza] Processing course creation
[21-Mar-2025 19:57:28 America/Fortaleza] Creating course with data: Array
(
    [title] => Inteligência Artificial
    [category_id] => 13
    [level] => intermediate
    [description] => teste
    [content] => http://brilhamente.net
    [duration_hours] => 10
)

[21-Mar-2025 19:57:28 America/Fortaleza] Error creating course: SQLSTATE[42S22]: Column not found: 1054 Unknown column 'duration_hours' in 'field list'
[21-Mar-2025 19:57:28 America/Fortaleza] Error in course action: Erro ao criar o curso no banco de dados
[21-Mar-2025 20:04:53 America/Fortaleza] Database connection successful
[21-Mar-2025 20:04:53 America/Fortaleza] Users table already exists
[21-Mar-2025 20:04:53 America/Fortaleza] === Course Action Debug ===
[21-Mar-2025 20:04:53 America/Fortaleza] Session: Array
(
    [user] => Array
        (
            [id] => 6
            [name] => Administrador
            [email] => admin@proftest.com.br
            [is_admin] => 1
            [is_manager] => 1
            [manager_id] => 
            [role] => admin
        )

)

[21-Mar-2025 20:04:53 America/Fortaleza] POST data: Array
(
    [course_id] => 
    [title] => Inteligência Artificial
    [category_id] => 13
    [level] => intermediate
    [duration_hours] => 10
    [description] => teste
    [content] => http://brilhamente.net
)

[21-Mar-2025 20:04:53 America/Fortaleza] Action: create
[21-Mar-2025 20:04:53 America/Fortaleza] Processing course creation
[21-Mar-2025 20:04:53 America/Fortaleza] Creating course with data: Array
(
    [title] => Inteligência Artificial
    [category_id] => 13
    [level] => intermediate
    [description] => teste
    [content] => http://brilhamente.net
    [duration_hours] => 10
)

[21-Mar-2025 20:04:53 America/Fortaleza] Database connection successful
[21-Mar-2025 20:04:53 America/Fortaleza] Users table already exists
[21-Mar-2025 20:04:53 America/Fortaleza] Loading template: /home4/efsantos/public_html/pdi/templates/courses/manage.php
[21-Mar-2025 20:04:53 America/Fortaleza] === DEBUG SESSION START ===
[21-Mar-2025 20:04:53 America/Fortaleza] Session data: Array
(
    [user] => Array
        (
            [id] => 6
            [name] => Administrador
            [email] => admin@proftest.com.br
            [is_admin] => 1
            [is_manager] => 1
            [manager_id] => 
            [role] => admin
        )

)

[21-Mar-2025 20:04:53 America/Fortaleza] User role: admin
[21-Mar-2025 20:04:53 America/Fortaleza] Is admin: true
[21-Mar-2025 20:04:53 America/Fortaleza] === DEBUG SESSION END ===
[21-Mar-2025 20:04:53 America/Fortaleza] Error getting courses: SQLSTATE[42S22]: Column not found: 1054 Unknown column 'c.active' in 'where clause'
[21-Mar-2025 20:05:45 America/Fortaleza] Database connection successful
[21-Mar-2025 20:05:45 America/Fortaleza] Users table already exists
[21-Mar-2025 20:05:45 America/Fortaleza] Loading template: /home4/efsantos/public_html/pdi/templates/courses/manage.php
[21-Mar-2025 20:05:45 America/Fortaleza] === DEBUG SESSION START ===
[21-Mar-2025 20:05:45 America/Fortaleza] Session data: Array
(
    [user] => Array
        (
            [id] => 6
            [name] => Administrador
            [email] => admin@proftest.com.br
            [is_admin] => 1
            [is_manager] => 1
            [manager_id] => 
            [role] => admin
        )

)

[21-Mar-2025 20:05:45 America/Fortaleza] User role: admin
[21-Mar-2025 20:05:45 America/Fortaleza] Is admin: true
[21-Mar-2025 20:05:45 America/Fortaleza] === DEBUG SESSION END ===
[21-Mar-2025 20:05:45 America/Fortaleza] Error getting courses: SQLSTATE[42S22]: Column not found: 1054 Unknown column 'c.active' in 'where clause'
[21-Mar-2025 20:07:22 America/Fortaleza] Database connection successful
[21-Mar-2025 20:07:22 America/Fortaleza] Users table already exists
[21-Mar-2025 20:07:22 America/Fortaleza] Loading template: /home4/efsantos/public_html/pdi/templates/courses/manage.php
[21-Mar-2025 20:07:22 America/Fortaleza] === DEBUG SESSION START ===
[21-Mar-2025 20:07:22 America/Fortaleza] Session data: Array
(
    [user] => Array
        (
            [id] => 6
            [name] => Administrador
            [email] => admin@proftest.com.br
            [is_admin] => 1
            [is_manager] => 1
            [manager_id] => 
            [role] => admin
        )

)

[21-Mar-2025 20:07:22 America/Fortaleza] User role: admin
[21-Mar-2025 20:07:22 America/Fortaleza] Is admin: true
[21-Mar-2025 20:07:22 America/Fortaleza] === DEBUG SESSION END ===
[21-Mar-2025 20:07:22 America/Fortaleza] Error getting courses: SQLSTATE[42S22]: Column not found: 1054 Unknown column 'c.active' in 'where clause'
[21-Mar-2025 20:07:59 America/Fortaleza] Database connection successful
[21-Mar-2025 20:07:59 America/Fortaleza] Users table already exists
[21-Mar-2025 20:07:59 America/Fortaleza] === Course Action Debug ===
[21-Mar-2025 20:07:59 America/Fortaleza] Session: Array
(
    [user] => Array
        (
            [id] => 6
            [name] => Administrador
            [email] => admin@proftest.com.br
            [is_admin] => 1
            [is_manager] => 1
            [manager_id] => 
            [role] => admin
        )

)

[21-Mar-2025 20:07:59 America/Fortaleza] POST data: Array
(
    [course_id] => 
    [title] => Inteligência Artificial
    [category_id] => 2
    [level] => basic
    [duration_hours] => 10
    [description] => ytert327r yti237yrt34tr y7t4r237tr234rt
    [content] => 
)

[21-Mar-2025 20:07:59 America/Fortaleza] Action: create
[21-Mar-2025 20:07:59 America/Fortaleza] Processing course creation
[21-Mar-2025 20:07:59 America/Fortaleza] Creating course with data: Array
(
    [title] => Inteligência Artificial
    [category_id] => 2
    [level] => basic
    [description] => ytert327r yti237yrt34tr y7t4r237tr234rt
    [content] => 
    [duration_hours] => 10
)

[21-Mar-2025 20:08:02 America/Fortaleza] Database connection successful
[21-Mar-2025 20:08:02 America/Fortaleza] Users table already exists
[21-Mar-2025 20:08:02 America/Fortaleza] Loading template: /home4/efsantos/public_html/pdi/templates/courses/manage.php
[21-Mar-2025 20:08:02 America/Fortaleza] === DEBUG SESSION START ===
[21-Mar-2025 20:08:02 America/Fortaleza] Session data: Array
(
    [user] => Array
        (
            [id] => 6
            [name] => Administrador
            [email] => admin@proftest.com.br
            [is_admin] => 1
            [is_manager] => 1
            [manager_id] => 
            [role] => admin
        )

)

[21-Mar-2025 20:08:02 America/Fortaleza] User role: admin
[21-Mar-2025 20:08:02 America/Fortaleza] Is admin: true
[21-Mar-2025 20:08:02 America/Fortaleza] === DEBUG SESSION END ===
[21-Mar-2025 20:08:02 America/Fortaleza] Error getting courses: SQLSTATE[42S22]: Column not found: 1054 Unknown column 'c.active' in 'where clause'
[21-Mar-2025 20:08:10 America/Fortaleza] Database connection successful
[21-Mar-2025 20:08:10 America/Fortaleza] Users table already exists
[21-Mar-2025 20:08:10 America/Fortaleza] Loading template: /home4/efsantos/public_html/pdi/templates/courses/catalog.php
[21-Mar-2025 20:08:10 America/Fortaleza] Error getting courses: SQLSTATE[42S22]: Column not found: 1054 Unknown column 'c.active' in 'where clause'
[21-Mar-2025 20:09:13 America/Fortaleza] Database connection successful
[21-Mar-2025 20:09:13 America/Fortaleza] Users table already exists
[21-Mar-2025 20:09:13 America/Fortaleza] Loading template: /home4/efsantos/public_html/pdi/templates/courses/catalog.php
[21-Mar-2025 20:09:13 America/Fortaleza] Error getting courses: SQLSTATE[42S22]: Column not found: 1054 Unknown column 'c.active' in 'where clause'
[21-Mar-2025 20:11:24 America/Fortaleza] Database connection successful
[21-Mar-2025 20:11:24 America/Fortaleza] Users table already exists
[21-Mar-2025 20:11:24 America/Fortaleza] Loading template: /home4/efsantos/public_html/pdi/templates/courses/catalog.php
[21-Mar-2025 20:11:24 America/Fortaleza] SQL Query: 
                SELECT c.*, cc.name as category_name 
                FROM courses c 
                LEFT JOIN course_categories cc ON c.category_id = cc.id 
             ORDER BY c.title
[21-Mar-2025 20:11:24 America/Fortaleza] Params: Array
(
)

[21-Mar-2025 20:11:31 America/Fortaleza] Database connection successful
[21-Mar-2025 20:11:31 America/Fortaleza] Users table already exists
[21-Mar-2025 20:11:31 America/Fortaleza] Template not found for route: courses/view/5
[21-Mar-2025 20:11:31 America/Fortaleza] Tried paths:
[21-Mar-2025 20:11:31 America/Fortaleza] - /home4/efsantos/public_html/pdi/templates/courses/view/5.php
[21-Mar-2025 20:11:31 America/Fortaleza] - /home4/efsantos/public_html/pdi/templates/courses/view/5.php
[21-Mar-2025 20:11:34 America/Fortaleza] Database connection successful
[21-Mar-2025 20:11:34 America/Fortaleza] Users table already exists
[21-Mar-2025 20:11:34 America/Fortaleza] Loading template: /home4/efsantos/public_html/pdi/templates/courses/catalog.php
[21-Mar-2025 20:11:34 America/Fortaleza] SQL Query: 
                SELECT c.*, cc.name as category_name 
                FROM courses c 
                LEFT JOIN course_categories cc ON c.category_id = cc.id 
             ORDER BY c.title
[21-Mar-2025 20:11:34 America/Fortaleza] Params: Array
(
)

[21-Mar-2025 20:16:45 America/Fortaleza] Database connection successful
[21-Mar-2025 20:16:45 America/Fortaleza] Users table already exists
[21-Mar-2025 20:16:45 America/Fortaleza] Loading template: /home4/efsantos/public_html/pdi/templates/courses/catalog.php
[21-Mar-2025 20:16:45 America/Fortaleza] SQL Query: 
                SELECT c.*, cc.name as category_name 
                FROM courses c 
                LEFT JOIN course_categories cc ON c.category_id = cc.id 
             ORDER BY c.title
[21-Mar-2025 20:16:45 America/Fortaleza] Params: Array
(
)

[21-Mar-2025 20:16:47 America/Fortaleza] Database connection successful
[21-Mar-2025 20:16:47 America/Fortaleza] Users table already exists
[21-Mar-2025 20:16:47 America/Fortaleza] Loading template: /home4/efsantos/public_html/pdi/templates/courses/view.php
[21-Mar-2025 20:16:47 America/Fortaleza] PHP Fatal error:  Uncaught PDOException: SQLSTATE[42S02]: Base table or view not found: 1146 Table 'efsantos_pdi.course_enrollments' doesn't exist in /home4/efsantos/public_html/pdi/templates/courses/view.php:20
Stack trace:
#0 /home4/efsantos/public_html/pdi/templates/courses/view.php(20): PDO->prepare('\n    SELECT * F...')
#1 /home4/efsantos/public_html/pdi/public/index.php(90): require_once('/home4/efsantos...')
#2 {main}
  thrown in /home4/efsantos/public_html/pdi/templates/courses/view.php on line 20
[21-Mar-2025 20:32:06 America/Fortaleza] Database connection successful
[21-Mar-2025 20:32:06 America/Fortaleza] Users table already exists
[21-Mar-2025 20:32:06 America/Fortaleza] Loading template: /home4/efsantos/public_html/pdi/templates/courses/view.php
[21-Mar-2025 20:32:14 America/Fortaleza] Database connection successful
[21-Mar-2025 20:32:14 America/Fortaleza] Users table already exists
[21-Mar-2025 20:32:14 America/Fortaleza] Template not found for route: courses/enroll
[21-Mar-2025 20:32:14 America/Fortaleza] Tried paths:
[21-Mar-2025 20:32:14 America/Fortaleza] - /home4/efsantos/public_html/pdi/templates/courses/enroll.php
[21-Mar-2025 20:32:14 America/Fortaleza] - /home4/efsantos/public_html/pdi/templates/courses/enroll.php
[21-Mar-2025 20:32:18 America/Fortaleza] Database connection successful
[21-Mar-2025 20:32:18 America/Fortaleza] Users table already exists
[21-Mar-2025 20:32:18 America/Fortaleza] Loading template: /home4/efsantos/public_html/pdi/templates/courses/manage.php
[21-Mar-2025 20:32:18 America/Fortaleza] === DEBUG SESSION START ===
[21-Mar-2025 20:32:18 America/Fortaleza] Session data: Array
(
    [user] => Array
        (
            [id] => 6
            [name] => Administrador
            [email] => admin@proftest.com.br
            [is_admin] => 1
            [is_manager] => 1
            [manager_id] => 
            [role] => admin
        )

)

[21-Mar-2025 20:32:18 America/Fortaleza] User role: admin
[21-Mar-2025 20:32:18 America/Fortaleza] Is admin: true
[21-Mar-2025 20:32:18 America/Fortaleza] === DEBUG SESSION END ===
[21-Mar-2025 20:32:18 America/Fortaleza] SQL Query: 
                SELECT c.*, cc.name as category_name 
                FROM courses c 
                LEFT JOIN course_categories cc ON c.category_id = cc.id 
             ORDER BY c.title
[21-Mar-2025 20:32:18 America/Fortaleza] Params: Array
(
)

[21-Mar-2025 20:32:28 America/Fortaleza] Database connection successful
[21-Mar-2025 20:32:28 America/Fortaleza] Users table already exists
[21-Mar-2025 20:32:28 America/Fortaleza] Loading template: /home4/efsantos/public_html/pdi/templates/home.php
[21-Mar-2025 20:32:30 America/Fortaleza] Database connection successful
[21-Mar-2025 20:32:30 America/Fortaleza] Users table already exists
[21-Mar-2025 20:32:30 America/Fortaleza] Loading template: /home4/efsantos/public_html/pdi/templates/courses/catalog.php
[21-Mar-2025 20:32:30 America/Fortaleza] SQL Query: 
                SELECT c.*, cc.name as category_name 
                FROM courses c 
                LEFT JOIN course_categories cc ON c.category_id = cc.id 
             ORDER BY c.title
[21-Mar-2025 20:32:30 America/Fortaleza] Params: Array
(
)

[21-Mar-2025 20:32:32 America/Fortaleza] Database connection successful
[21-Mar-2025 20:32:32 America/Fortaleza] Users table already exists
[21-Mar-2025 20:32:32 America/Fortaleza] Loading template: /home4/efsantos/public_html/pdi/templates/courses/view.php
[21-Mar-2025 20:32:38 America/Fortaleza] Database connection successful
[21-Mar-2025 20:32:38 America/Fortaleza] Users table already exists
[21-Mar-2025 20:32:38 America/Fortaleza] Template not found for route: courses/enroll
[21-Mar-2025 20:32:38 America/Fortaleza] Tried paths:
[21-Mar-2025 20:32:38 America/Fortaleza] - /home4/efsantos/public_html/pdi/templates/courses/enroll.php
[21-Mar-2025 20:32:38 America/Fortaleza] - /home4/efsantos/public_html/pdi/templates/courses/enroll.php
[21-Mar-2025 20:34:47 America/Fortaleza] Database connection successful
[21-Mar-2025 20:34:47 America/Fortaleza] Users table already exists
[21-Mar-2025 20:34:47 America/Fortaleza] Loading template: /home4/efsantos/public_html/pdi/templates/courses/enroll.php
[21-Mar-2025 20:34:47 America/Fortaleza] Database connection successful
[21-Mar-2025 20:34:47 America/Fortaleza] Users table already exists
[21-Mar-2025 20:34:47 America/Fortaleza] Loading template: /home4/efsantos/public_html/pdi/templates/courses/view.php
[21-Mar-2025 20:34:54 America/Fortaleza] Database connection successful
[21-Mar-2025 20:34:54 America/Fortaleza] Users table already exists
[21-Mar-2025 20:34:54 America/Fortaleza] Loading template: /home4/efsantos/public_html/pdi/templates/home.php
[21-Mar-2025 20:34:56 America/Fortaleza] Database connection successful
[21-Mar-2025 20:34:56 America/Fortaleza] Users table already exists
[21-Mar-2025 20:34:56 America/Fortaleza] Loading template: /home4/efsantos/public_html/pdi/templates/courses/catalog.php
[21-Mar-2025 20:34:56 America/Fortaleza] SQL Query: 
                SELECT c.*, cc.name as category_name 
                FROM courses c 
                LEFT JOIN course_categories cc ON c.category_id = cc.id 
             ORDER BY c.title
[21-Mar-2025 20:34:56 America/Fortaleza] Params: Array
(
)

[21-Mar-2025 20:34:59 America/Fortaleza] Database connection successful
[21-Mar-2025 20:34:59 America/Fortaleza] Users table already exists
[21-Mar-2025 20:34:59 America/Fortaleza] Loading template: /home4/efsantos/public_html/pdi/templates/courses/view.php
[21-Mar-2025 20:35:03 America/Fortaleza] Database connection successful
[21-Mar-2025 20:35:03 America/Fortaleza] Users table already exists
[21-Mar-2025 20:35:03 America/Fortaleza] Loading template: /home4/efsantos/public_html/pdi/templates/courses/catalog.php
[21-Mar-2025 20:35:03 America/Fortaleza] SQL Query: 
                SELECT c.*, cc.name as category_name 
                FROM courses c 
                LEFT JOIN course_categories cc ON c.category_id = cc.id 
             ORDER BY c.title
[21-Mar-2025 20:35:03 America/Fortaleza] Params: Array
(
)

[21-Mar-2025 20:35:05 America/Fortaleza] Database connection successful
[21-Mar-2025 20:35:05 America/Fortaleza] Users table already exists
[21-Mar-2025 20:35:05 America/Fortaleza] Loading template: /home4/efsantos/public_html/pdi/templates/courses/view.php
[21-Mar-2025 20:35:09 America/Fortaleza] Database connection successful
[21-Mar-2025 20:35:09 America/Fortaleza] Users table already exists
[21-Mar-2025 20:35:09 America/Fortaleza] Loading template: /home4/efsantos/public_html/pdi/templates/courses/enroll.php
[21-Mar-2025 20:35:09 America/Fortaleza] Database connection successful
[21-Mar-2025 20:35:09 America/Fortaleza] Users table already exists
[21-Mar-2025 20:35:09 America/Fortaleza] Loading template: /home4/efsantos/public_html/pdi/templates/courses/view.php
[21-Mar-2025 20:35:17 America/Fortaleza] Database connection successful
[21-Mar-2025 20:35:17 America/Fortaleza] Users table already exists
[21-Mar-2025 20:35:17 America/Fortaleza] Loading template: /home4/efsantos/public_html/pdi/templates/home.php
[21-Mar-2025 20:35:18 America/Fortaleza] Database connection successful
[21-Mar-2025 20:35:18 America/Fortaleza] Users table already exists
[21-Mar-2025 20:35:18 America/Fortaleza] Loading template: /home4/efsantos/public_html/pdi/templates/courses/catalog.php
[21-Mar-2025 20:35:18 America/Fortaleza] SQL Query: 
                SELECT c.*, cc.name as category_name 
                FROM courses c 
                LEFT JOIN course_categories cc ON c.category_id = cc.id 
             ORDER BY c.title
[21-Mar-2025 20:35:18 America/Fortaleza] Params: Array
(
)

[21-Mar-2025 20:35:20 America/Fortaleza] Database connection successful
[21-Mar-2025 20:35:20 America/Fortaleza] Users table already exists
[21-Mar-2025 20:35:20 America/Fortaleza] Loading template: /home4/efsantos/public_html/pdi/templates/courses/view.php
[21-Mar-2025 20:39:05 America/Fortaleza] Database connection successful
[21-Mar-2025 20:39:05 America/Fortaleza] Users table already exists
[21-Mar-2025 20:39:05 America/Fortaleza] Loading template: /home4/efsantos/public_html/pdi/templates/home.php
[21-Mar-2025 20:39:14 America/Fortaleza] Database connection successful
[21-Mar-2025 20:39:14 America/Fortaleza] Users table already exists
[21-Mar-2025 20:39:14 America/Fortaleza] Loading template: /home4/efsantos/public_html/pdi/templates/courses/catalog.php
[21-Mar-2025 20:39:14 America/Fortaleza] SQL Query: 
                SELECT c.*, cc.name as category_name 
                FROM courses c 
                LEFT JOIN course_categories cc ON c.category_id = cc.id 
             ORDER BY c.title
[21-Mar-2025 20:39:14 America/Fortaleza] Params: Array
(
)

[21-Mar-2025 20:39:18 America/Fortaleza] Database connection successful
[21-Mar-2025 20:39:18 America/Fortaleza] Users table already exists
[21-Mar-2025 20:39:18 America/Fortaleza] Loading template: /home4/efsantos/public_html/pdi/templates/courses/view.php
[21-Mar-2025 20:39:22 America/Fortaleza] Database connection successful
[21-Mar-2025 20:39:22 America/Fortaleza] Users table already exists
[21-Mar-2025 20:39:22 America/Fortaleza] Loading template: /home4/efsantos/public_html/pdi/templates/courses/learn.php
[21-Mar-2025 20:39:29 America/Fortaleza] Database connection successful
[21-Mar-2025 20:39:29 America/Fortaleza] Users table already exists
[21-Mar-2025 20:39:29 America/Fortaleza] Loading template: /home4/efsantos/public_html/pdi/templates/home.php
[21-Mar-2025 20:39:31 America/Fortaleza] Database connection successful
[21-Mar-2025 20:39:31 America/Fortaleza] Users table already exists
[21-Mar-2025 20:39:31 America/Fortaleza] Loading template: /home4/efsantos/public_html/pdi/templates/courses/catalog.php
[21-Mar-2025 20:39:31 America/Fortaleza] SQL Query: 
                SELECT c.*, cc.name as category_name 
                FROM courses c 
                LEFT JOIN course_categories cc ON c.category_id = cc.id 
             ORDER BY c.title
[21-Mar-2025 20:39:31 America/Fortaleza] Params: Array
(
)

[21-Mar-2025 20:39:34 America/Fortaleza] Database connection successful
[21-Mar-2025 20:39:34 America/Fortaleza] Users table already exists
[21-Mar-2025 20:39:34 America/Fortaleza] Loading template: /home4/efsantos/public_html/pdi/templates/courses/view.php
[21-Mar-2025 20:39:37 America/Fortaleza] Database connection successful
[21-Mar-2025 20:39:37 America/Fortaleza] Users table already exists
[21-Mar-2025 20:39:37 America/Fortaleza] Loading template: /home4/efsantos/public_html/pdi/templates/courses/enroll.php
[21-Mar-2025 20:39:37 America/Fortaleza] Database connection successful
[21-Mar-2025 20:39:37 America/Fortaleza] Users table already exists
[21-Mar-2025 20:39:37 America/Fortaleza] Loading template: /home4/efsantos/public_html/pdi/templates/courses/view.php
[21-Mar-2025 20:39:39 America/Fortaleza] Database connection successful
[21-Mar-2025 20:39:39 America/Fortaleza] Users table already exists
[21-Mar-2025 20:39:39 America/Fortaleza] Loading template: /home4/efsantos/public_html/pdi/templates/courses/learn.php
[21-Mar-2025 20:40:11 America/Fortaleza] Database connection successful
[21-Mar-2025 20:40:11 America/Fortaleza] Users table already exists
[21-Mar-2025 20:40:11 America/Fortaleza] Loading template: /home4/efsantos/public_html/pdi/templates/home.php
[21-Mar-2025 20:40:13 America/Fortaleza] Database connection successful
[21-Mar-2025 20:40:13 America/Fortaleza] Users table already exists
[21-Mar-2025 20:40:13 America/Fortaleza] Loading template: /home4/efsantos/public_html/pdi/templates/courses/catalog.php
[21-Mar-2025 20:40:13 America/Fortaleza] SQL Query: 
                SELECT c.*, cc.name as category_name 
                FROM courses c 
                LEFT JOIN course_categories cc ON c.category_id = cc.id 
             ORDER BY c.title
[21-Mar-2025 20:40:13 America/Fortaleza] Params: Array
(
)

[21-Mar-2025 20:40:19 America/Fortaleza] Database connection successful
[21-Mar-2025 20:40:19 America/Fortaleza] Users table already exists
[21-Mar-2025 20:40:19 America/Fortaleza] Loading template: /home4/efsantos/public_html/pdi/templates/courses/manage.php
[21-Mar-2025 20:40:19 America/Fortaleza] === DEBUG SESSION START ===
[21-Mar-2025 20:40:19 America/Fortaleza] Session data: Array
(
    [user] => Array
        (
            [id] => 6
            [name] => Administrador
            [email] => admin@proftest.com.br
            [is_admin] => 1
            [is_manager] => 1
            [manager_id] => 
            [role] => admin
        )

    [flash] => Array
        (
            [type] => success
            [message] => Inscrição realizada com sucesso!
        )

)

[21-Mar-2025 20:40:19 America/Fortaleza] User role: admin
[21-Mar-2025 20:40:19 America/Fortaleza] Is admin: true
[21-Mar-2025 20:40:19 America/Fortaleza] === DEBUG SESSION END ===
[21-Mar-2025 20:40:19 America/Fortaleza] SQL Query: 
                SELECT c.*, cc.name as category_name 
                FROM courses c 
                LEFT JOIN course_categories cc ON c.category_id = cc.id 
             ORDER BY c.title
[21-Mar-2025 20:40:19 America/Fortaleza] Params: Array
(
)

[21-Mar-2025 20:40:26 America/Fortaleza] Database connection successful
[21-Mar-2025 20:40:26 America/Fortaleza] Users table already exists
[21-Mar-2025 20:40:26 America/Fortaleza] === Course Action Debug ===
[21-Mar-2025 20:40:26 America/Fortaleza] Session: Array
(
    [user] => Array
        (
            [id] => 6
            [name] => Administrador
            [email] => admin@proftest.com.br
            [is_admin] => 1
            [is_manager] => 1
            [manager_id] => 
            [role] => admin
        )

    [flash] => Array
        (
            [type] => success
            [message] => Inscrição realizada com sucesso!
        )

)

[21-Mar-2025 20:40:26 America/Fortaleza] POST data: Array
(
)

[21-Mar-2025 20:40:26 America/Fortaleza] Action: get
[21-Mar-2025 20:40:26 America/Fortaleza] Error in course action: ID do curso inválido
[21-Mar-2025 20:40:31 America/Fortaleza] Database connection successful
[21-Mar-2025 20:40:31 America/Fortaleza] Users table already exists
[21-Mar-2025 20:40:31 America/Fortaleza] === Course Action Debug ===
[21-Mar-2025 20:40:31 America/Fortaleza] Session: Array
(
    [user] => Array
        (
            [id] => 6
            [name] => Administrador
            [email] => admin@proftest.com.br
            [is_admin] => 1
            [is_manager] => 1
            [manager_id] => 
            [role] => admin
        )

    [flash] => Array
        (
            [type] => success
            [message] => Inscrição realizada com sucesso!
        )

)

[21-Mar-2025 20:40:31 America/Fortaleza] POST data: Array
(
)

[21-Mar-2025 20:40:31 America/Fortaleza] Action: get
[21-Mar-2025 20:40:31 America/Fortaleza] Error in course action: ID do curso inválido
[21-Mar-2025 21:33:17 America/Fortaleza] Database connection successful
[21-Mar-2025 21:33:17 America/Fortaleza] Users table already exists
[21-Mar-2025 21:33:17 America/Fortaleza] Loading template: /home4/efsantos/public_html/pdi/templates/auth/login.php
[22-Mar-2025 11:05:58 America/Fortaleza] Database connection successful
[22-Mar-2025 11:05:58 America/Fortaleza] Users table already exists
[22-Mar-2025 11:05:58 America/Fortaleza] Loading template: /home4/efsantos/public_html/pdi/templates/home.php
[22-Mar-2025 11:06:53 America/Fortaleza] Database connection successful
[22-Mar-2025 11:06:53 America/Fortaleza] Users table already exists
[22-Mar-2025 11:06:53 America/Fortaleza] Loading template: /home4/efsantos/public_html/pdi/templates/home.php
[22-Mar-2025 11:07:02 America/Fortaleza] Database connection successful
[22-Mar-2025 11:07:02 America/Fortaleza] Users table already exists
[22-Mar-2025 11:07:02 America/Fortaleza] Database connection successful
[22-Mar-2025 11:07:02 America/Fortaleza] Users table already exists
[22-Mar-2025 11:07:02 America/Fortaleza] Loading template: /home4/efsantos/public_html/pdi/templates/auth/login.php
[22-Mar-2025 11:07:24 America/Fortaleza] Database connection successful
[22-Mar-2025 11:07:24 America/Fortaleza] Users table already exists
[22-Mar-2025 11:07:24 America/Fortaleza] Loading template: /home4/efsantos/public_html/pdi/templates/auth/login.php
[22-Mar-2025 11:07:24 America/Fortaleza] Admin already exists
[22-Mar-2025 11:07:24 America/Fortaleza] Login attempt for: admin@proftest.com.br
[22-Mar-2025 11:07:24 America/Fortaleza] Login successful
[22-Mar-2025 11:07:25 America/Fortaleza] Database connection successful
[22-Mar-2025 11:07:25 America/Fortaleza] Users table already exists
[22-Mar-2025 11:07:25 America/Fortaleza] Loading template: /home4/efsantos/public_html/pdi/templates/home.php
[22-Mar-2025 11:07:35 America/Fortaleza] Database connection successful
[22-Mar-2025 11:07:35 America/Fortaleza] Users table already exists
[22-Mar-2025 11:07:35 America/Fortaleza] Loading template: /home4/efsantos/public_html/pdi/templates/pdi/index.php
[22-Mar-2025 11:07:37 America/Fortaleza] Database connection successful
[22-Mar-2025 11:07:37 America/Fortaleza] Users table already exists
[22-Mar-2025 11:07:37 America/Fortaleza] Loading template: /home4/efsantos/public_html/pdi/templates/pdi/novo.php
[22-Mar-2025 11:07:48 America/Fortaleza] Database connection successful
[22-Mar-2025 11:07:48 America/Fortaleza] Users table already exists
[22-Mar-2025 11:07:48 America/Fortaleza] Loading template: /home4/efsantos/public_html/pdi/templates/pdi/index.php
[22-Mar-2025 11:07:51 America/Fortaleza] Database connection successful
[22-Mar-2025 11:07:51 America/Fortaleza] Users table already exists
[22-Mar-2025 11:07:51 America/Fortaleza] Loading template: /home4/efsantos/public_html/pdi/templates/pdi/view.php
[22-Mar-2025 11:08:01 America/Fortaleza] Database connection successful
[22-Mar-2025 11:08:01 America/Fortaleza] Users table already exists
[22-Mar-2025 11:08:01 America/Fortaleza] Loading template: /home4/efsantos/public_html/pdi/templates/pdi/index.php
[22-Mar-2025 11:08:07 America/Fortaleza] Database connection successful
[22-Mar-2025 11:08:07 America/Fortaleza] Users table already exists
[22-Mar-2025 11:08:07 America/Fortaleza] Loading template: /home4/efsantos/public_html/pdi/templates/pdi/view.php
[22-Mar-2025 11:08:12 America/Fortaleza] Database connection successful
[22-Mar-2025 11:08:12 America/Fortaleza] Users table already exists
[22-Mar-2025 11:08:12 America/Fortaleza] Loading template: /home4/efsantos/public_html/pdi/templates/pdi/index.php
[22-Mar-2025 11:08:17 America/Fortaleza] Database connection successful
[22-Mar-2025 11:08:17 America/Fortaleza] Users table already exists
[22-Mar-2025 11:08:17 America/Fortaleza] Loading template: /home4/efsantos/public_html/pdi/templates/pdi/index.php
[22-Mar-2025 11:08:19 America/Fortaleza] Database connection successful
[22-Mar-2025 11:08:19 America/Fortaleza] Users table already exists
[22-Mar-2025 11:08:19 America/Fortaleza] Loading template: /home4/efsantos/public_html/pdi/templates/pdi/index.php
[22-Mar-2025 11:08:22 America/Fortaleza] Database connection successful
[22-Mar-2025 11:08:22 America/Fortaleza] Users table already exists
[22-Mar-2025 11:08:22 America/Fortaleza] Loading template: /home4/efsantos/public_html/pdi/templates/pdi/index.php
[22-Mar-2025 11:08:25 America/Fortaleza] Database connection successful
[22-Mar-2025 11:08:25 America/Fortaleza] Users table already exists
[22-Mar-2025 11:08:25 America/Fortaleza] Loading template: /home4/efsantos/public_html/pdi/templates/admin/index.php
[22-Mar-2025 11:09:10 America/Fortaleza] Database connection successful
[22-Mar-2025 11:09:10 America/Fortaleza] Users table already exists
[22-Mar-2025 11:09:10 America/Fortaleza] Loading template: /home4/efsantos/public_html/pdi/templates/home.php
[22-Mar-2025 11:09:13 America/Fortaleza] Database connection successful
[22-Mar-2025 11:09:13 America/Fortaleza] Users table already exists
[22-Mar-2025 11:09:13 America/Fortaleza] Loading template: /home4/efsantos/public_html/pdi/templates/pdi/index.php
[22-Mar-2025 11:09:22 America/Fortaleza] Database connection successful
[22-Mar-2025 11:09:22 America/Fortaleza] Users table already exists
[22-Mar-2025 11:09:22 America/Fortaleza] Loading template: /home4/efsantos/public_html/pdi/templates/pdi/view.php
[22-Mar-2025 11:15:02 America/Fortaleza] Database connection successful
[22-Mar-2025 11:15:02 America/Fortaleza] Users table already exists
[22-Mar-2025 11:15:02 America/Fortaleza] Loading template: /home4/efsantos/public_html/pdi/templates/pdi/view.php
[22-Mar-2025 11:15:06 America/Fortaleza] Database connection successful
[22-Mar-2025 11:15:06 America/Fortaleza] Users table already exists
[22-Mar-2025 11:15:06 America/Fortaleza] Loading template: /home4/efsantos/public_html/pdi/templates/pdi/edit.php
[22-Mar-2025 11:15:06 America/Fortaleza] Database connection successful
[22-Mar-2025 11:15:06 America/Fortaleza] Users table already exists
[22-Mar-2025 11:15:06 America/Fortaleza] Loading template: /home4/efsantos/public_html/pdi/templates/pdi/index.php
[22-Mar-2025 11:16:32 America/Fortaleza] Database connection successful
[22-Mar-2025 11:16:32 America/Fortaleza] Users table already exists
[22-Mar-2025 11:16:32 America/Fortaleza] Loading template: /home4/efsantos/public_html/pdi/templates/pdi/index.php
[22-Mar-2025 11:16:36 America/Fortaleza] Database connection successful
[22-Mar-2025 11:16:36 America/Fortaleza] Users table already exists
[22-Mar-2025 11:16:36 America/Fortaleza] Loading template: /home4/efsantos/public_html/pdi/templates/pdi/view.php
[22-Mar-2025 11:16:37 America/Fortaleza] Database connection successful
[22-Mar-2025 11:16:37 America/Fortaleza] Users table already exists
[22-Mar-2025 11:16:37 America/Fortaleza] Loading template: /home4/efsantos/public_html/pdi/templates/pdi/edit.php
[22-Mar-2025 11:16:44 America/Fortaleza] Database connection successful
[22-Mar-2025 11:16:44 America/Fortaleza] Users table already exists
[22-Mar-2025 11:16:44 America/Fortaleza] Loading template: /home4/efsantos/public_html/pdi/templates/home.php
[22-Mar-2025 11:16:46 America/Fortaleza] Database connection successful
[22-Mar-2025 11:16:46 America/Fortaleza] Users table already exists
[22-Mar-2025 11:16:46 America/Fortaleza] Loading template: /home4/efsantos/public_html/pdi/templates/courses/catalog.php
[22-Mar-2025 11:16:46 America/Fortaleza] SQL Query: 
                SELECT c.*, cc.name as category_name 
                FROM courses c 
                LEFT JOIN course_categories cc ON c.category_id = cc.id 
             ORDER BY c.title
[22-Mar-2025 11:16:46 America/Fortaleza] Params: Array
(
)

[22-Mar-2025 11:16:52 America/Fortaleza] Database connection successful
[22-Mar-2025 11:16:52 America/Fortaleza] Users table already exists
[22-Mar-2025 11:16:52 America/Fortaleza] Loading template: /home4/efsantos/public_html/pdi/templates/courses/view.php
[22-Mar-2025 11:16:57 America/Fortaleza] Database connection successful
[22-Mar-2025 11:16:57 America/Fortaleza] Users table already exists
[22-Mar-2025 11:16:57 America/Fortaleza] Loading template: /home4/efsantos/public_html/pdi/templates/courses/learn.php
[22-Mar-2025 11:17:06 America/Fortaleza] Database connection successful
[22-Mar-2025 11:17:06 America/Fortaleza] Users table already exists
[22-Mar-2025 11:17:06 America/Fortaleza] Loading template: /home4/efsantos/public_html/pdi/templates/courses/manage.php
[22-Mar-2025 11:17:06 America/Fortaleza] === DEBUG SESSION START ===
[22-Mar-2025 11:17:06 America/Fortaleza] Session data: Array
(
    [user] => Array
        (
            [id] => 6
            [name] => Administrador
            [email] => admin@proftest.com.br
            [is_admin] => 1
            [is_manager] => 1
            [manager_id] => 
            [role] => admin
        )

)

[22-Mar-2025 11:17:06 America/Fortaleza] User role: admin
[22-Mar-2025 11:17:06 America/Fortaleza] Is admin: true
[22-Mar-2025 11:17:06 America/Fortaleza] === DEBUG SESSION END ===
[22-Mar-2025 11:17:06 America/Fortaleza] SQL Query: 
                SELECT c.*, cc.name as category_name 
                FROM courses c 
                LEFT JOIN course_categories cc ON c.category_id = cc.id 
             ORDER BY c.title
[22-Mar-2025 11:17:06 America/Fortaleza] Params: Array
(
)

[22-Mar-2025 11:17:11 America/Fortaleza] Database connection successful
[22-Mar-2025 11:17:11 America/Fortaleza] Users table already exists
[22-Mar-2025 11:17:11 America/Fortaleza] === Course Action Debug ===
[22-Mar-2025 11:17:11 America/Fortaleza] Session: Array
(
    [user] => Array
        (
            [id] => 6
            [name] => Administrador
            [email] => admin@proftest.com.br
            [is_admin] => 1
            [is_manager] => 1
            [manager_id] => 
            [role] => admin
        )

)

[22-Mar-2025 11:17:11 America/Fortaleza] POST data: Array
(
)

[22-Mar-2025 11:17:11 America/Fortaleza] Action: get
[22-Mar-2025 11:17:11 America/Fortaleza] Error in course action: ID do curso inválido
[22-Mar-2025 11:21:16 America/Fortaleza] Database connection successful
[22-Mar-2025 11:21:16 America/Fortaleza] Users table already exists
[22-Mar-2025 11:21:16 America/Fortaleza] Loading template: /home4/efsantos/public_html/pdi/templates/courses/manage.php
[22-Mar-2025 11:21:16 America/Fortaleza] === DEBUG SESSION START ===
[22-Mar-2025 11:21:16 America/Fortaleza] Session data: Array
(
    [user] => Array
        (
            [id] => 6
            [name] => Administrador
            [email] => admin@proftest.com.br
            [is_admin] => 1
            [is_manager] => 1
            [manager_id] => 
            [role] => admin
        )

)

[22-Mar-2025 11:21:16 America/Fortaleza] User role: admin
[22-Mar-2025 11:21:16 America/Fortaleza] Is admin: true
[22-Mar-2025 11:21:16 America/Fortaleza] === DEBUG SESSION END ===
[22-Mar-2025 11:21:16 America/Fortaleza] SQL Query: 
                SELECT c.*, cc.name as category_name 
                FROM courses c 
                LEFT JOIN course_categories cc ON c.category_id = cc.id 
             ORDER BY c.title
[22-Mar-2025 11:21:16 America/Fortaleza] Params: Array
(
)

[22-Mar-2025 11:21:19 America/Fortaleza] Database connection successful
[22-Mar-2025 11:21:19 America/Fortaleza] Users table already exists
[22-Mar-2025 11:21:19 America/Fortaleza] === Course Action Debug ===
[22-Mar-2025 11:21:19 America/Fortaleza] Session: Array
(
    [user] => Array
        (
            [id] => 6
            [name] => Administrador
            [email] => admin@proftest.com.br
            [is_admin] => 1
            [is_manager] => 1
            [manager_id] => 
            [role] => admin
        )

)

[22-Mar-2025 11:21:19 America/Fortaleza] POST data: Array
(
)

[22-Mar-2025 11:21:19 America/Fortaleza] Action: get
[22-Mar-2025 11:21:42 America/Fortaleza] Database connection successful
[22-Mar-2025 11:21:42 America/Fortaleza] Users table already exists
[22-Mar-2025 11:21:42 America/Fortaleza] === Course Action Debug ===
[22-Mar-2025 11:21:42 America/Fortaleza] Session: Array
(
    [user] => Array
        (
            [id] => 6
            [name] => Administrador
            [email] => admin@proftest.com.br
            [is_admin] => 1
            [is_manager] => 1
            [manager_id] => 
            [role] => admin
        )

)

[22-Mar-2025 11:21:42 America/Fortaleza] POST data: Array
(
    [course_id] => 4
    [title] => Inteligência Artificial
    [category_id] => 13
    [level] => intermediate
    [duration_hours] => 10
    [description] => teste
    [content] => 
)

[22-Mar-2025 11:21:42 America/Fortaleza] Action: update
[22-Mar-2025 11:21:45 America/Fortaleza] Database connection successful
[22-Mar-2025 11:21:45 America/Fortaleza] Users table already exists
[22-Mar-2025 11:21:45 America/Fortaleza] Loading template: /home4/efsantos/public_html/pdi/templates/courses/manage.php
[22-Mar-2025 11:21:45 America/Fortaleza] === DEBUG SESSION START ===
[22-Mar-2025 11:21:45 America/Fortaleza] Session data: Array
(
    [user] => Array
        (
            [id] => 6
            [name] => Administrador
            [email] => admin@proftest.com.br
            [is_admin] => 1
            [is_manager] => 1
            [manager_id] => 
            [role] => admin
        )

)

[22-Mar-2025 11:21:45 America/Fortaleza] User role: admin
[22-Mar-2025 11:21:45 America/Fortaleza] Is admin: true
[22-Mar-2025 11:21:45 America/Fortaleza] === DEBUG SESSION END ===
[22-Mar-2025 11:21:45 America/Fortaleza] SQL Query: 
                SELECT c.*, cc.name as category_name 
                FROM courses c 
                LEFT JOIN course_categories cc ON c.category_id = cc.id 
             ORDER BY c.title
[22-Mar-2025 11:21:45 America/Fortaleza] Params: Array
(
)

[22-Mar-2025 11:21:48 America/Fortaleza] Database connection successful
[22-Mar-2025 11:21:48 America/Fortaleza] Users table already exists
[22-Mar-2025 11:21:48 America/Fortaleza] === Course Action Debug ===
[22-Mar-2025 11:21:48 America/Fortaleza] Session: Array
(
    [user] => Array
        (
            [id] => 6
            [name] => Administrador
            [email] => admin@proftest.com.br
            [is_admin] => 1
            [is_manager] => 1
            [manager_id] => 
            [role] => admin
        )

)

[22-Mar-2025 11:21:48 America/Fortaleza] POST data: Array
(
)

[22-Mar-2025 11:21:48 America/Fortaleza] Action: get
[22-Mar-2025 11:21:56 America/Fortaleza] Database connection successful
[22-Mar-2025 11:21:56 America/Fortaleza] Users table already exists
[22-Mar-2025 11:21:56 America/Fortaleza] === Course Action Debug ===
[22-Mar-2025 11:21:56 America/Fortaleza] Session: Array
(
    [user] => Array
        (
            [id] => 6
            [name] => Administrador
            [email] => admin@proftest.com.br
            [is_admin] => 1
            [is_manager] => 1
            [manager_id] => 
            [role] => admin
        )

)

[22-Mar-2025 11:21:56 America/Fortaleza] POST data: Array
(
)

[22-Mar-2025 11:21:56 America/Fortaleza] Action: get
[22-Mar-2025 11:22:02 America/Fortaleza] Database connection successful
[22-Mar-2025 11:22:02 America/Fortaleza] Users table already exists
[22-Mar-2025 11:22:02 America/Fortaleza] === Course Action Debug ===
[22-Mar-2025 11:22:02 America/Fortaleza] Session: Array
(
    [user] => Array
        (
            [id] => 6
            [name] => Administrador
            [email] => admin@proftest.com.br
            [is_admin] => 1
            [is_manager] => 1
            [manager_id] => 
            [role] => admin
        )

)

[22-Mar-2025 11:22:02 America/Fortaleza] POST data: Array
(
)

[22-Mar-2025 11:22:02 America/Fortaleza] Action: get
[22-Mar-2025 11:22:31 America/Fortaleza] Database connection successful
[22-Mar-2025 11:22:31 America/Fortaleza] Users table already exists
[22-Mar-2025 11:22:31 America/Fortaleza] === Course Action Debug ===
[22-Mar-2025 11:22:31 America/Fortaleza] Session: Array
(
    [user] => Array
        (
            [id] => 6
            [name] => Administrador
            [email] => admin@proftest.com.br
            [is_admin] => 1
            [is_manager] => 1
            [manager_id] => 
            [role] => admin
        )

)

[22-Mar-2025 11:22:31 America/Fortaleza] POST data: Array
(
    [course_id] => 4
    [title] => Inteligência Artificial
    [category_id] => 13
    [level] => intermediate
    [duration_hours] => 10
    [description] => teste
    [content] => 
)

[22-Mar-2025 11:22:31 America/Fortaleza] Action: update
[22-Mar-2025 11:22:34 America/Fortaleza] Database connection successful
[22-Mar-2025 11:22:34 America/Fortaleza] Users table already exists
[22-Mar-2025 11:22:34 America/Fortaleza] Loading template: /home4/efsantos/public_html/pdi/templates/courses/manage.php
[22-Mar-2025 11:22:34 America/Fortaleza] === DEBUG SESSION START ===
[22-Mar-2025 11:22:34 America/Fortaleza] Session data: Array
(
    [user] => Array
        (
            [id] => 6
            [name] => Administrador
            [email] => admin@proftest.com.br
            [is_admin] => 1
            [is_manager] => 1
            [manager_id] => 
            [role] => admin
        )

)

[22-Mar-2025 11:22:34 America/Fortaleza] User role: admin
[22-Mar-2025 11:22:34 America/Fortaleza] Is admin: true
[22-Mar-2025 11:22:34 America/Fortaleza] === DEBUG SESSION END ===
[22-Mar-2025 11:22:34 America/Fortaleza] SQL Query: 
                SELECT c.*, cc.name as category_name 
                FROM courses c 
                LEFT JOIN course_categories cc ON c.category_id = cc.id 
             ORDER BY c.title
[22-Mar-2025 11:22:34 America/Fortaleza] Params: Array
(
)

[22-Mar-2025 11:22:39 America/Fortaleza] Database connection successful
[22-Mar-2025 11:22:39 America/Fortaleza] Users table already exists
[22-Mar-2025 11:22:39 America/Fortaleza] === Course Action Debug ===
[22-Mar-2025 11:22:39 America/Fortaleza] Session: Array
(
    [user] => Array
        (
            [id] => 6
            [name] => Administrador
            [email] => admin@proftest.com.br
            [is_admin] => 1
            [is_manager] => 1
            [manager_id] => 
            [role] => admin
        )

)

[22-Mar-2025 11:22:39 America/Fortaleza] POST data: Array
(
)

[22-Mar-2025 11:22:39 America/Fortaleza] Action: get
[22-Mar-2025 11:22:43 America/Fortaleza] Database connection successful
[22-Mar-2025 11:22:43 America/Fortaleza] Users table already exists
[22-Mar-2025 11:22:43 America/Fortaleza] Loading template: /home4/efsantos/public_html/pdi/templates/courses/catalog.php
[22-Mar-2025 11:22:43 America/Fortaleza] SQL Query: 
                SELECT c.*, cc.name as category_name 
                FROM courses c 
                LEFT JOIN course_categories cc ON c.category_id = cc.id 
             ORDER BY c.title
[22-Mar-2025 11:22:43 America/Fortaleza] Params: Array
(
)

[22-Mar-2025 11:22:47 America/Fortaleza] Database connection successful
[22-Mar-2025 11:22:47 America/Fortaleza] Users table already exists
[22-Mar-2025 11:22:47 America/Fortaleza] Loading template: /home4/efsantos/public_html/pdi/templates/courses/view.php
[22-Mar-2025 11:22:51 America/Fortaleza] Database connection successful
[22-Mar-2025 11:22:51 America/Fortaleza] Users table already exists
[22-Mar-2025 11:22:51 America/Fortaleza] Loading template: /home4/efsantos/public_html/pdi/templates/courses/enroll.php
[22-Mar-2025 11:22:51 America/Fortaleza] Database connection successful
[22-Mar-2025 11:22:51 America/Fortaleza] Users table already exists
[22-Mar-2025 11:22:51 America/Fortaleza] Loading template: /home4/efsantos/public_html/pdi/templates/courses/view.php
[22-Mar-2025 11:22:54 America/Fortaleza] Database connection successful
[22-Mar-2025 11:22:54 America/Fortaleza] Users table already exists
[22-Mar-2025 11:22:54 America/Fortaleza] Loading template: /home4/efsantos/public_html/pdi/templates/courses/learn.php
[22-Mar-2025 11:23:31 America/Fortaleza] Database connection successful
[22-Mar-2025 11:23:31 America/Fortaleza] Users table already exists
[22-Mar-2025 11:23:31 America/Fortaleza] Loading template: /home4/efsantos/public_html/pdi/templates/courses/manage.php
[22-Mar-2025 11:23:31 America/Fortaleza] === DEBUG SESSION START ===
[22-Mar-2025 11:23:31 America/Fortaleza] Session data: Array
(
    [user] => Array
        (
            [id] => 6
            [name] => Administrador
            [email] => admin@proftest.com.br
            [is_admin] => 1
            [is_manager] => 1
            [manager_id] => 
            [role] => admin
        )

    [flash] => Array
        (
            [type] => success
            [message] => Inscrição realizada com sucesso!
        )

)

[22-Mar-2025 11:23:31 America/Fortaleza] User role: admin
[22-Mar-2025 11:23:31 America/Fortaleza] Is admin: true
[22-Mar-2025 11:23:31 America/Fortaleza] === DEBUG SESSION END ===
[22-Mar-2025 11:23:31 America/Fortaleza] SQL Query: 
                SELECT c.*, cc.name as category_name 
                FROM courses c 
                LEFT JOIN course_categories cc ON c.category_id = cc.id 
             ORDER BY c.title
[22-Mar-2025 11:23:31 America/Fortaleza] Params: Array
(
)

[22-Mar-2025 11:23:34 America/Fortaleza] Database connection successful
[22-Mar-2025 11:23:34 America/Fortaleza] Users table already exists
[22-Mar-2025 11:23:34 America/Fortaleza] === Course Action Debug ===
[22-Mar-2025 11:23:34 America/Fortaleza] Session: Array
(
    [user] => Array
        (
            [id] => 6
            [name] => Administrador
            [email] => admin@proftest.com.br
            [is_admin] => 1
            [is_manager] => 1
            [manager_id] => 
            [role] => admin
        )

    [flash] => Array
        (
            [type] => success
            [message] => Inscrição realizada com sucesso!
        )

)

[22-Mar-2025 11:23:34 America/Fortaleza] POST data: Array
(
)

[22-Mar-2025 11:23:34 America/Fortaleza] Action: get
[22-Mar-2025 11:24:13 America/Fortaleza] Database connection successful
[22-Mar-2025 11:24:13 America/Fortaleza] Users table already exists
[22-Mar-2025 11:24:13 America/Fortaleza] Loading template: /home4/efsantos/public_html/pdi/templates/courses/catalog.php
[22-Mar-2025 11:24:13 America/Fortaleza] SQL Query: 
                SELECT c.*, cc.name as category_name 
                FROM courses c 
                LEFT JOIN course_categories cc ON c.category_id = cc.id 
             ORDER BY c.title
[22-Mar-2025 11:24:13 America/Fortaleza] Params: Array
(
)

[22-Mar-2025 11:24:16 America/Fortaleza] Database connection successful
[22-Mar-2025 11:24:16 America/Fortaleza] Users table already exists
[22-Mar-2025 11:24:16 America/Fortaleza] Loading template: /home4/efsantos/public_html/pdi/templates/courses/view.php
[22-Mar-2025 11:24:43 America/Fortaleza] Database connection successful
[22-Mar-2025 11:24:43 America/Fortaleza] Users table already exists
[22-Mar-2025 11:24:43 America/Fortaleza] Loading template: /home4/efsantos/public_html/pdi/templates/courses/learn.php
[22-Mar-2025 11:32:52 America/Fortaleza] Database connection successful
[22-Mar-2025 11:32:52 America/Fortaleza] Users table already exists
[22-Mar-2025 11:32:52 America/Fortaleza] Loading template: /home4/efsantos/public_html/pdi/templates/courses/learn.php
[22-Mar-2025 11:32:54 America/Fortaleza] Database connection successful
[22-Mar-2025 11:32:54 America/Fortaleza] Users table already exists
[22-Mar-2025 11:32:54 America/Fortaleza] Loading template: /home4/efsantos/public_html/pdi/templates/courses/view.php
[22-Mar-2025 11:32:56 America/Fortaleza] Database connection successful
[22-Mar-2025 11:32:56 America/Fortaleza] Users table already exists
[22-Mar-2025 11:32:56 America/Fortaleza] Loading template: /home4/efsantos/public_html/pdi/templates/courses/manage.php
[22-Mar-2025 11:32:56 America/Fortaleza] === DEBUG SESSION START ===
[22-Mar-2025 11:32:56 America/Fortaleza] Session data: Array
(
    [user] => Array
        (
            [id] => 6
            [name] => Administrador
            [email] => admin@proftest.com.br
            [is_admin] => 1
            [is_manager] => 1
            [manager_id] => 
            [role] => admin
        )

    [flash] => Array
        (
            [type] => success
            [message] => Inscrição realizada com sucesso!
        )

)

[22-Mar-2025 11:32:56 America/Fortaleza] User role: admin
[22-Mar-2025 11:32:56 America/Fortaleza] Is admin: true
[22-Mar-2025 11:32:56 America/Fortaleza] === DEBUG SESSION END ===
[22-Mar-2025 11:32:56 America/Fortaleza] SQL Query: 
                SELECT c.*, cc.name as category_name 
                FROM courses c 
                LEFT JOIN course_categories cc ON c.category_id = cc.id 
             ORDER BY c.title
[22-Mar-2025 11:32:56 America/Fortaleza] Params: Array
(
)

[22-Mar-2025 11:33:03 America/Fortaleza] Database connection successful
[22-Mar-2025 11:33:03 America/Fortaleza] Users table already exists
[22-Mar-2025 11:33:03 America/Fortaleza] === Course Action Debug ===
[22-Mar-2025 11:33:03 America/Fortaleza] Session: Array
(
    [user] => Array
        (
            [id] => 6
            [name] => Administrador
            [email] => admin@proftest.com.br
            [is_admin] => 1
            [is_manager] => 1
            [manager_id] => 
            [role] => admin
        )

    [flash] => Array
        (
            [type] => success
            [message] => Inscrição realizada com sucesso!
        )

)

[22-Mar-2025 11:33:03 America/Fortaleza] POST data: Array
(
)

[22-Mar-2025 11:33:03 America/Fortaleza] Action: get
[22-Mar-2025 11:33:33 America/Fortaleza] Database connection successful
[22-Mar-2025 11:33:33 America/Fortaleza] Users table already exists
[22-Mar-2025 11:33:33 America/Fortaleza] === Course Action Debug ===
[22-Mar-2025 11:33:33 America/Fortaleza] Session: Array
(
    [user] => Array
        (
            [id] => 6
            [name] => Administrador
            [email] => admin@proftest.com.br
            [is_admin] => 1
            [is_manager] => 1
            [manager_id] => 
            [role] => admin
        )

    [flash] => Array
        (
            [type] => success
            [message] => Inscrição realizada com sucesso!
        )

)

[22-Mar-2025 11:33:33 America/Fortaleza] POST data: Array
(
    [course_id] => 4
    [title] => Inteligência Artificial
    [category_id] => 13
    [level] => intermediate
    [duration_hours] => 10
    [description] => teste
    [content] => <p>sdfasfsad sdfsdfsadf sdfsdfsdaf sdfdsfsdfdsa sdfsdfsadfs ssadfsadf </p><p><a href="https://brilhamente.net" target="_blank">https://brilhamente.net</a></p>
)

[22-Mar-2025 11:33:33 America/Fortaleza] Action: update
[22-Mar-2025 11:33:35 America/Fortaleza] Database connection successful
[22-Mar-2025 11:33:35 America/Fortaleza] Users table already exists
[22-Mar-2025 11:33:35 America/Fortaleza] Loading template: /home4/efsantos/public_html/pdi/templates/courses/manage.php
[22-Mar-2025 11:33:35 America/Fortaleza] === DEBUG SESSION START ===
[22-Mar-2025 11:33:35 America/Fortaleza] Session data: Array
(
    [user] => Array
        (
            [id] => 6
            [name] => Administrador
            [email] => admin@proftest.com.br
            [is_admin] => 1
            [is_manager] => 1
            [manager_id] => 
            [role] => admin
        )

    [flash] => Array
        (
            [type] => success
            [message] => Inscrição realizada com sucesso!
        )

)

[22-Mar-2025 11:33:35 America/Fortaleza] User role: admin
[22-Mar-2025 11:33:35 America/Fortaleza] Is admin: true
[22-Mar-2025 11:33:35 America/Fortaleza] === DEBUG SESSION END ===
[22-Mar-2025 11:33:35 America/Fortaleza] SQL Query: 
                SELECT c.*, cc.name as category_name 
                FROM courses c 
                LEFT JOIN course_categories cc ON c.category_id = cc.id 
             ORDER BY c.title
[22-Mar-2025 11:33:35 America/Fortaleza] Params: Array
(
)

[22-Mar-2025 11:33:37 America/Fortaleza] Database connection successful
[22-Mar-2025 11:33:37 America/Fortaleza] Users table already exists
[22-Mar-2025 11:33:37 America/Fortaleza] === Course Action Debug ===
[22-Mar-2025 11:33:37 America/Fortaleza] Session: Array
(
    [user] => Array
        (
            [id] => 6
            [name] => Administrador
            [email] => admin@proftest.com.br
            [is_admin] => 1
            [is_manager] => 1
            [manager_id] => 
            [role] => admin
        )

    [flash] => Array
        (
            [type] => success
            [message] => Inscrição realizada com sucesso!
        )

)

[22-Mar-2025 11:33:37 America/Fortaleza] POST data: Array
(
)

[22-Mar-2025 11:33:37 America/Fortaleza] Action: get
[22-Mar-2025 11:33:48 America/Fortaleza] Database connection successful
[22-Mar-2025 11:33:48 America/Fortaleza] Users table already exists
[22-Mar-2025 11:33:48 America/Fortaleza] Loading template: /home4/efsantos/public_html/pdi/templates/courses/catalog.php
[22-Mar-2025 11:33:48 America/Fortaleza] SQL Query: 
                SELECT c.*, cc.name as category_name 
                FROM courses c 
                LEFT JOIN course_categories cc ON c.category_id = cc.id 
             ORDER BY c.title
[22-Mar-2025 11:33:48 America/Fortaleza] Params: Array
(
)

[22-Mar-2025 11:33:53 America/Fortaleza] Database connection successful
[22-Mar-2025 11:33:53 America/Fortaleza] Users table already exists
[22-Mar-2025 11:33:53 America/Fortaleza] Loading template: /home4/efsantos/public_html/pdi/templates/courses/view.php
[22-Mar-2025 11:33:56 America/Fortaleza] Database connection successful
[22-Mar-2025 11:33:56 America/Fortaleza] Users table already exists
[22-Mar-2025 11:33:56 America/Fortaleza] Loading template: /home4/efsantos/public_html/pdi/templates/courses/learn.php
[22-Mar-2025 11:38:36 America/Fortaleza] Database connection successful
[22-Mar-2025 11:38:36 America/Fortaleza] Users table already exists
[22-Mar-2025 11:38:36 America/Fortaleza] Loading template: /home4/efsantos/public_html/pdi/templates/courses/manage.php
[22-Mar-2025 11:38:36 America/Fortaleza] === DEBUG SESSION START ===
[22-Mar-2025 11:38:36 America/Fortaleza] Session data: Array
(
    [user] => Array
        (
            [id] => 6
            [name] => Administrador
            [email] => admin@proftest.com.br
            [is_admin] => 1
            [is_manager] => 1
            [manager_id] => 
            [role] => admin
        )

    [flash] => Array
        (
            [type] => success
            [message] => Inscrição realizada com sucesso!
        )

)

[22-Mar-2025 11:38:36 America/Fortaleza] User role: admin
[22-Mar-2025 11:38:36 America/Fortaleza] Is admin: true
[22-Mar-2025 11:38:36 America/Fortaleza] === DEBUG SESSION END ===
[22-Mar-2025 11:38:36 America/Fortaleza] SQL Query: 
                SELECT c.*, cc.name as category_name 
                FROM courses c 
                LEFT JOIN course_categories cc ON c.category_id = cc.id 
             ORDER BY c.title
[22-Mar-2025 11:38:36 America/Fortaleza] Params: Array
(
)

[22-Mar-2025 11:38:39 America/Fortaleza] Database connection successful
[22-Mar-2025 11:38:39 America/Fortaleza] Users table already exists
[22-Mar-2025 11:38:39 America/Fortaleza] Loading template: /home4/efsantos/public_html/pdi/templates/courses/catalog.php
[22-Mar-2025 11:38:39 America/Fortaleza] SQL Query: 
                SELECT c.*, cc.name as category_name 
                FROM courses c 
                LEFT JOIN course_categories cc ON c.category_id = cc.id 
             ORDER BY c.title
[22-Mar-2025 11:38:39 America/Fortaleza] Params: Array
(
)

[22-Mar-2025 11:38:44 America/Fortaleza] Database connection successful
[22-Mar-2025 11:38:44 America/Fortaleza] Users table already exists
[22-Mar-2025 11:38:44 America/Fortaleza] Loading template: /home4/efsantos/public_html/pdi/templates/courses/view.php
[22-Mar-2025 11:38:44 America/Fortaleza] Course content: <p>sdfasfsad sdfsdfsadf sdfsdfsdaf sdfdsfsdfdsa sdfsdfsadfs ssadfsadf </p><p><a href="https://brilha
[22-Mar-2025 11:38:49 America/Fortaleza] Database connection successful
[22-Mar-2025 11:38:49 America/Fortaleza] Users table already exists
[22-Mar-2025 11:38:49 America/Fortaleza] Loading template: /home4/efsantos/public_html/pdi/templates/courses/learn.php
[22-Mar-2025 11:38:49 America/Fortaleza] Course content: <p>sdfasfsad sdfsdfsadf sdfsdfsdaf sdfdsfsdfdsa sdfsdfsadfs ssadfsadf </p><p><a href="https://brilha
[22-Mar-2025 11:46:46 America/Fortaleza] Database connection successful
[22-Mar-2025 11:46:46 America/Fortaleza] Users table already exists
[22-Mar-2025 11:46:46 America/Fortaleza] Loading template: /home4/efsantos/public_html/pdi/templates/courses/catalog.php
[22-Mar-2025 11:46:46 America/Fortaleza] SQL Query: 
                SELECT c.*, cc.name as category_name 
                FROM courses c 
                LEFT JOIN course_categories cc ON c.category_id = cc.id 
             ORDER BY c.title
[22-Mar-2025 11:46:46 America/Fortaleza] Params: Array
(
)

[22-Mar-2025 11:46:50 America/Fortaleza] Database connection successful
[22-Mar-2025 11:46:50 America/Fortaleza] Users table already exists
[22-Mar-2025 11:46:50 America/Fortaleza] Loading template: /home4/efsantos/public_html/pdi/templates/courses/view.php
[22-Mar-2025 11:46:50 America/Fortaleza] Course content: <p>sdfasfsad sdfsdfsadf sdfsdfsdaf sdfdsfsdfdsa sdfsdfsadfs ssadfsadf </p><p><a href="https://brilha
[22-Mar-2025 11:46:53 America/Fortaleza] Database connection successful
[22-Mar-2025 11:46:53 America/Fortaleza] Users table already exists
[22-Mar-2025 11:46:53 America/Fortaleza] Loading template: /home4/efsantos/public_html/pdi/templates/courses/manage.php
[22-Mar-2025 11:46:53 America/Fortaleza] === DEBUG SESSION START ===
[22-Mar-2025 11:46:53 America/Fortaleza] Session data: Array
(
    [user] => Array
        (
            [id] => 6
            [name] => Administrador
            [email] => admin@proftest.com.br
            [is_admin] => 1
            [is_manager] => 1
            [manager_id] => 
            [role] => admin
        )

    [flash] => Array
        (
            [type] => success
            [message] => Inscrição realizada com sucesso!
        )

)

[22-Mar-2025 11:46:53 America/Fortaleza] User role: admin
[22-Mar-2025 11:46:53 America/Fortaleza] Is admin: true
[22-Mar-2025 11:46:53 America/Fortaleza] === DEBUG SESSION END ===
[22-Mar-2025 11:46:53 America/Fortaleza] SQL Query: 
                SELECT c.*, cc.name as category_name 
                FROM courses c 
                LEFT JOIN course_categories cc ON c.category_id = cc.id 
             ORDER BY c.title
[22-Mar-2025 11:46:53 America/Fortaleza] Params: Array
(
)

[22-Mar-2025 11:46:56 America/Fortaleza] Database connection successful
[22-Mar-2025 11:46:56 America/Fortaleza] Users table already exists
[22-Mar-2025 11:46:56 America/Fortaleza] === Course Action Debug ===
[22-Mar-2025 11:46:56 America/Fortaleza] Session: Array
(
    [user] => Array
        (
            [id] => 6
            [name] => Administrador
            [email] => admin@proftest.com.br
            [is_admin] => 1
            [is_manager] => 1
            [manager_id] => 
            [role] => admin
        )

    [flash] => Array
        (
            [type] => success
            [message] => Inscrição realizada com sucesso!
        )

)

[22-Mar-2025 11:46:56 America/Fortaleza] POST data: Array
(
)

[22-Mar-2025 11:46:56 America/Fortaleza] Action: get
[22-Mar-2025 11:46:56 America/Fortaleza] Course content: <p>sdfasfsad sdfsdfsadf sdfsdfsdaf sdfdsfsdfdsa sdfsdfsadfs ssadfsadf </p><p><a href="https://brilha
[22-Mar-2025 11:47:02 America/Fortaleza] Database connection successful
[22-Mar-2025 11:47:02 America/Fortaleza] Users table already exists
[22-Mar-2025 11:47:02 America/Fortaleza] === Course Action Debug ===
[22-Mar-2025 11:47:02 America/Fortaleza] Session: Array
(
    [user] => Array
        (
            [id] => 6
            [name] => Administrador
            [email] => admin@proftest.com.br
            [is_admin] => 1
            [is_manager] => 1
            [manager_id] => 
            [role] => admin
        )

    [flash] => Array
        (
            [type] => success
            [message] => Inscrição realizada com sucesso!
        )

)

[22-Mar-2025 11:47:02 America/Fortaleza] POST data: Array
(
    [course_id] => 4
    [title] => Inteligência Artificial
    [category_id] => 13
    [level] => intermediate
    [duration_hours] => 10
    [description] => teste
    [content] => <p>sdfasfsad sdfsdfsadf sdfsdfsdaf sdfdsfsdfdsa sdfsdfsadfs ssadfsadf </p><p><a href="https://brilhamente.net" target="_blank">https://brilhamente.net</a></p>
)

[22-Mar-2025 11:47:02 America/Fortaleza] Action: update
[22-Mar-2025 11:47:02 America/Fortaleza] Updating course content. Length: 158
[22-Mar-2025 11:47:02 America/Fortaleza] Content preview: <p>sdfasfsad sdfsdfsadf sdfsdfsdaf sdfdsfsdfdsa sdfsdfsadfs ssadfsadf </p><p><a href="https://brilha
[22-Mar-2025 11:47:04 America/Fortaleza] Database connection successful
[22-Mar-2025 11:47:04 America/Fortaleza] Users table already exists
[22-Mar-2025 11:47:04 America/Fortaleza] Loading template: /home4/efsantos/public_html/pdi/templates/courses/manage.php
[22-Mar-2025 11:47:04 America/Fortaleza] === DEBUG SESSION START ===
[22-Mar-2025 11:47:04 America/Fortaleza] Session data: Array
(
    [user] => Array
        (
            [id] => 6
            [name] => Administrador
            [email] => admin@proftest.com.br
            [is_admin] => 1
            [is_manager] => 1
            [manager_id] => 
            [role] => admin
        )

    [flash] => Array
        (
            [type] => success
            [message] => Inscrição realizada com sucesso!
        )

)

[22-Mar-2025 11:47:04 America/Fortaleza] User role: admin
[22-Mar-2025 11:47:04 America/Fortaleza] Is admin: true
[22-Mar-2025 11:47:04 America/Fortaleza] === DEBUG SESSION END ===
[22-Mar-2025 11:47:04 America/Fortaleza] SQL Query: 
                SELECT c.*, cc.name as category_name 
                FROM courses c 
                LEFT JOIN course_categories cc ON c.category_id = cc.id 
             ORDER BY c.title
[22-Mar-2025 11:47:04 America/Fortaleza] Params: Array
(
)

[22-Mar-2025 11:47:21 America/Fortaleza] Database connection successful
[22-Mar-2025 11:47:21 America/Fortaleza] Users table already exists
[22-Mar-2025 11:47:21 America/Fortaleza] Loading template: /home4/efsantos/public_html/pdi/templates/courses/manage.php
[22-Mar-2025 11:47:21 America/Fortaleza] === DEBUG SESSION START ===
[22-Mar-2025 11:47:21 America/Fortaleza] Session data: Array
(
    [user] => Array
        (
            [id] => 6
            [name] => Administrador
            [email] => admin@proftest.com.br
            [is_admin] => 1
            [is_manager] => 1
            [manager_id] => 
            [role] => admin
        )

    [flash] => Array
        (
            [type] => success
            [message] => Inscrição realizada com sucesso!
        )

)

[22-Mar-2025 11:47:21 America/Fortaleza] User role: admin
[22-Mar-2025 11:47:21 America/Fortaleza] Is admin: true
[22-Mar-2025 11:47:21 America/Fortaleza] === DEBUG SESSION END ===
[22-Mar-2025 11:47:21 America/Fortaleza] SQL Query: 
                SELECT c.*, cc.name as category_name 
                FROM courses c 
                LEFT JOIN course_categories cc ON c.category_id = cc.id 
             ORDER BY c.title
[22-Mar-2025 11:47:21 America/Fortaleza] Params: Array
(
)

[22-Mar-2025 11:51:07 America/Fortaleza] Database connection successful
[22-Mar-2025 11:51:07 America/Fortaleza] Users table already exists
[22-Mar-2025 11:51:07 America/Fortaleza] Loading template: /home4/efsantos/public_html/pdi/templates/courses/manage.php
[22-Mar-2025 11:51:07 America/Fortaleza] === DEBUG SESSION START ===
[22-Mar-2025 11:51:07 America/Fortaleza] Session data: Array
(
    [user] => Array
        (
            [id] => 6
            [name] => Administrador
            [email] => admin@proftest.com.br
            [is_admin] => 1
            [is_manager] => 1
            [manager_id] => 
            [role] => admin
        )

    [flash] => Array
        (
            [type] => success
            [message] => Inscrição realizada com sucesso!
        )

)

[22-Mar-2025 11:51:07 America/Fortaleza] User role: admin
[22-Mar-2025 11:51:07 America/Fortaleza] Is admin: true
[22-Mar-2025 11:51:07 America/Fortaleza] === DEBUG SESSION END ===
[22-Mar-2025 11:51:07 America/Fortaleza] SQL Query: 
                SELECT c.*, cc.name as category_name 
                FROM courses c 
                LEFT JOIN course_categories cc ON c.category_id = cc.id 
             ORDER BY c.title
[22-Mar-2025 11:51:07 America/Fortaleza] Params: Array
(
)

[22-Mar-2025 11:53:35 America/Fortaleza] Database connection successful
[22-Mar-2025 11:53:35 America/Fortaleza] Users table already exists
[22-Mar-2025 11:53:35 America/Fortaleza] Loading template: /home4/efsantos/public_html/pdi/templates/courses/manage.php
[22-Mar-2025 11:53:35 America/Fortaleza] === DEBUG SESSION START ===
[22-Mar-2025 11:53:35 America/Fortaleza] Session data: Array
(
    [user] => Array
        (
            [id] => 6
            [name] => Administrador
            [email] => admin@proftest.com.br
            [is_admin] => 1
            [is_manager] => 1
            [manager_id] => 
            [role] => admin
        )

    [flash] => Array
        (
            [type] => success
            [message] => Inscrição realizada com sucesso!
        )

)

[22-Mar-2025 11:53:35 America/Fortaleza] User role: admin
[22-Mar-2025 11:53:35 America/Fortaleza] Is admin: true
[22-Mar-2025 11:53:35 America/Fortaleza] === DEBUG SESSION END ===
[22-Mar-2025 11:53:35 America/Fortaleza] SQL Query: 
                SELECT c.*, cc.name as category_name 
                FROM courses c 
                LEFT JOIN course_categories cc ON c.category_id = cc.id 
             ORDER BY c.title
[22-Mar-2025 11:53:35 America/Fortaleza] Params: Array
(
)

[22-Mar-2025 11:53:39 America/Fortaleza] Database connection successful
[22-Mar-2025 11:53:39 America/Fortaleza] Users table already exists
[22-Mar-2025 11:53:39 America/Fortaleza] Template not found for route: courses/modules
[22-Mar-2025 11:53:39 America/Fortaleza] Tried paths:
[22-Mar-2025 11:53:39 America/Fortaleza] - /home4/efsantos/public_html/pdi/templates/courses/modules.php
[22-Mar-2025 11:53:39 America/Fortaleza] - /home4/efsantos/public_html/pdi/templates/courses/modules.php
[22-Mar-2025 11:56:18 America/Fortaleza] Database connection successful
[22-Mar-2025 11:56:18 America/Fortaleza] Users table already exists
[22-Mar-2025 11:56:18 America/Fortaleza] Loading template: /home4/efsantos/public_html/pdi/templates/courses/manage.php
[22-Mar-2025 11:56:18 America/Fortaleza] === DEBUG SESSION START ===
[22-Mar-2025 11:56:18 America/Fortaleza] Session data: Array
(
    [user] => Array
        (
            [id] => 6
            [name] => Administrador
            [email] => admin@proftest.com.br
            [is_admin] => 1
            [is_manager] => 1
            [manager_id] => 
            [role] => admin
        )

    [flash] => Array
        (
            [type] => success
            [message] => Inscrição realizada com sucesso!
        )

)

[22-Mar-2025 11:56:18 America/Fortaleza] User role: admin
[22-Mar-2025 11:56:18 America/Fortaleza] Is admin: true
[22-Mar-2025 11:56:18 America/Fortaleza] === DEBUG SESSION END ===
[22-Mar-2025 11:56:18 America/Fortaleza] SQL Query: 
                SELECT c.*, cc.name as category_name 
                FROM courses c 
                LEFT JOIN course_categories cc ON c.category_id = cc.id 
             ORDER BY c.title
[22-Mar-2025 11:56:18 America/Fortaleza] Params: Array
(
)

[22-Mar-2025 11:56:21 America/Fortaleza] Database connection successful
[22-Mar-2025 11:56:21 America/Fortaleza] Users table already exists
[22-Mar-2025 11:56:21 America/Fortaleza] Template not found for route: courses/modules
[22-Mar-2025 11:56:21 America/Fortaleza] Tried paths:
[22-Mar-2025 11:56:21 America/Fortaleza] - /home4/efsantos/public_html/pdi/templates/courses/modules.php
[22-Mar-2025 11:56:21 America/Fortaleza] - /home4/efsantos/public_html/pdi/templates/courses/modules.php
[22-Mar-2025 11:56:25 America/Fortaleza] Database connection successful
[22-Mar-2025 11:56:25 America/Fortaleza] Users table already exists
[22-Mar-2025 11:56:25 America/Fortaleza] Loading template: /home4/efsantos/public_html/pdi/templates/courses/manage.php
[22-Mar-2025 11:56:25 America/Fortaleza] === DEBUG SESSION START ===
[22-Mar-2025 11:56:25 America/Fortaleza] Session data: Array
(
    [user] => Array
        (
            [id] => 6
            [name] => Administrador
            [email] => admin@proftest.com.br
            [is_admin] => 1
            [is_manager] => 1
            [manager_id] => 
            [role] => admin
        )

    [flash] => Array
        (
            [type] => success
            [message] => Inscrição realizada com sucesso!
        )

)

[22-Mar-2025 11:56:25 America/Fortaleza] User role: admin
[22-Mar-2025 11:56:25 America/Fortaleza] Is admin: true
[22-Mar-2025 11:56:25 America/Fortaleza] === DEBUG SESSION END ===
[22-Mar-2025 11:56:25 America/Fortaleza] SQL Query: 
                SELECT c.*, cc.name as category_name 
                FROM courses c 
                LEFT JOIN course_categories cc ON c.category_id = cc.id 
             ORDER BY c.title
[22-Mar-2025 11:56:25 America/Fortaleza] Params: Array
(
)

[22-Mar-2025 11:56:35 America/Fortaleza] Database connection successful
[22-Mar-2025 11:56:35 America/Fortaleza] Users table already exists
[22-Mar-2025 11:56:35 America/Fortaleza] Template not found for route: courses/modules
[22-Mar-2025 11:56:35 America/Fortaleza] Tried paths:
[22-Mar-2025 11:56:35 America/Fortaleza] - /home4/efsantos/public_html/pdi/templates/courses/modules.php
[22-Mar-2025 11:56:35 America/Fortaleza] - /home4/efsantos/public_html/pdi/templates/courses/modules.php
[22-Mar-2025 12:00:24 America/Fortaleza] Database connection successful
[22-Mar-2025 12:00:24 America/Fortaleza] Users table already exists
[22-Mar-2025 12:00:24 America/Fortaleza] Loading template: /home4/efsantos/public_html/pdi/templates/courses/manage.php
[22-Mar-2025 12:00:24 America/Fortaleza] === DEBUG SESSION START ===
[22-Mar-2025 12:00:24 America/Fortaleza] Session data: Array
(
    [user] => Array
        (
            [id] => 6
            [name] => Administrador
            [email] => admin@proftest.com.br
            [is_admin] => 1
            [is_manager] => 1
            [manager_id] => 
            [role] => admin
        )

    [flash] => Array
        (
            [type] => success
            [message] => Inscrição realizada com sucesso!
        )

)

[22-Mar-2025 12:00:24 America/Fortaleza] User role: admin
[22-Mar-2025 12:00:24 America/Fortaleza] Is admin: true
[22-Mar-2025 12:00:24 America/Fortaleza] === DEBUG SESSION END ===
[22-Mar-2025 12:00:24 America/Fortaleza] SQL Query: 
                SELECT c.*, cc.name as category_name 
                FROM courses c 
                LEFT JOIN course_categories cc ON c.category_id = cc.id 
             ORDER BY c.title
[22-Mar-2025 12:00:24 America/Fortaleza] Params: Array
(
)

[22-Mar-2025 12:00:27 America/Fortaleza] Database connection successful
[22-Mar-2025 12:00:27 America/Fortaleza] Users table already exists
[22-Mar-2025 12:00:27 America/Fortaleza] Template not found for route: courses/modules
[22-Mar-2025 12:00:27 America/Fortaleza] Tried paths:
[22-Mar-2025 12:00:27 America/Fortaleza] - /home4/efsantos/public_html/pdi/templates/courses/modules.php
[22-Mar-2025 12:00:27 America/Fortaleza] - /home4/efsantos/public_html/pdi/templates/courses/modules.php
[22-Mar-2025 12:00:37 America/Fortaleza] Database connection successful
[22-Mar-2025 12:00:37 America/Fortaleza] Users table already exists
[22-Mar-2025 12:00:37 America/Fortaleza] Loading template: /home4/efsantos/public_html/pdi/templates/courses/manage.php
[22-Mar-2025 12:00:37 America/Fortaleza] === DEBUG SESSION START ===
[22-Mar-2025 12:00:37 America/Fortaleza] Session data: Array
(
    [user] => Array
        (
            [id] => 6
            [name] => Administrador
            [email] => admin@proftest.com.br
            [is_admin] => 1
            [is_manager] => 1
            [manager_id] => 
            [role] => admin
        )

    [flash] => Array
        (
            [type] => success
            [message] => Inscrição realizada com sucesso!
        )

)

[22-Mar-2025 12:00:37 America/Fortaleza] User role: admin
[22-Mar-2025 12:00:37 America/Fortaleza] Is admin: true
[22-Mar-2025 12:00:37 America/Fortaleza] === DEBUG SESSION END ===
[22-Mar-2025 12:00:37 America/Fortaleza] SQL Query: 
                SELECT c.*, cc.name as category_name 
                FROM courses c 
                LEFT JOIN course_categories cc ON c.category_id = cc.id 
             ORDER BY c.title
[22-Mar-2025 12:00:37 America/Fortaleza] Params: Array
(
)

[22-Mar-2025 12:03:27 America/Fortaleza] Database connection successful
[22-Mar-2025 12:03:27 America/Fortaleza] Users table already exists
[22-Mar-2025 12:03:27 America/Fortaleza] Loading template: /home4/efsantos/public_html/pdi/templates/courses/manage.php
[22-Mar-2025 12:03:27 America/Fortaleza] === DEBUG SESSION START ===
[22-Mar-2025 12:03:27 America/Fortaleza] Session data: Array
(
    [user] => Array
        (
            [id] => 6
            [name] => Administrador
            [email] => admin@proftest.com.br
            [is_admin] => 1
            [is_manager] => 1
            [manager_id] => 
            [role] => admin
        )

    [flash] => Array
        (
            [type] => success
            [message] => Inscrição realizada com sucesso!
        )

)

[22-Mar-2025 12:03:27 America/Fortaleza] User role: admin
[22-Mar-2025 12:03:27 America/Fortaleza] Is admin: true
[22-Mar-2025 12:03:27 America/Fortaleza] === DEBUG SESSION END ===
[22-Mar-2025 12:03:27 America/Fortaleza] SQL Query: 
                SELECT c.*, cc.name as category_name 
                FROM courses c 
                LEFT JOIN course_categories cc ON c.category_id = cc.id 
             ORDER BY c.title
[22-Mar-2025 12:03:27 America/Fortaleza] Params: Array
(
)

[22-Mar-2025 12:03:30 America/Fortaleza] Database connection successful
[22-Mar-2025 12:03:30 America/Fortaleza] Users table already exists
[22-Mar-2025 12:03:30 America/Fortaleza] Course controller - Action: modules
[22-Mar-2025 12:03:30 America/Fortaleza] Loading modules for course
[22-Mar-2025 12:03:30 America/Fortaleza] Course content: <p>sdfasfsad sdfsdfsadf sdfsdfsdaf sdfdsfsdfdsa sdfsdfsadfs ssadfsadf </p><p><a href="https://brilha
[22-Mar-2025 12:03:30 America/Fortaleza] Error getting modules: SQLSTATE[42S22]: Column not found: 1054 Unknown column 'order_number' in 'order clause'
[22-Mar-2025 12:03:30 America/Fortaleza] Modules loaded: {"success":true,"course":{"id":4,"title":"Intelig\u00eancia Artificial","category_id":13,"level":"intermediate","description":"teste","content":"<p>sdfasfsad sdfsdfsadf sdfsdfsdaf sdfdsfsdfdsa sdfsdfsadfs ssadfsadf <\/p><p><a href=\"https:\/\/brilhamente.net\" target=\"_blank\">https:\/\/brilhamente.net<\/a><\/p>","duration_hours":10,"active":1,"created_at":"2025-03-21 20:04:53","updated_at":"2025-03-22 11:33:33","category_name":"Tecnologia"},"modules":[]}
[22-Mar-2025 12:04:15 America/Fortaleza] Database connection successful
[22-Mar-2025 12:04:15 America/Fortaleza] Users table already exists
[22-Mar-2025 12:04:15 America/Fortaleza] Course controller - Action: createModule
[22-Mar-2025 12:04:15 America/Fortaleza] Error creating module: SQLSTATE[42S22]: Column not found: 1054 Unknown column 'content' in 'field list'
[22-Mar-2025 12:04:15 America/Fortaleza] Error in courses controller: Erro ao criar o módulo
[22-Mar-2025 12:04:56 America/Fortaleza] Database connection successful
[22-Mar-2025 12:04:56 America/Fortaleza] Users table already exists
[22-Mar-2025 12:04:56 America/Fortaleza] Course controller - Action: createModule
[22-Mar-2025 12:04:56 America/Fortaleza] Error creating module: SQLSTATE[42S22]: Column not found: 1054 Unknown column 'content' in 'field list'
[22-Mar-2025 12:04:56 America/Fortaleza] Error in courses controller: Erro ao criar o módulo
[22-Mar-2025 12:08:28 America/Fortaleza] Database connection successful
[22-Mar-2025 12:08:28 America/Fortaleza] Users table already exists
[22-Mar-2025 12:08:28 America/Fortaleza] Loading template: /home4/efsantos/public_html/pdi/templates/courses/manage.php
[22-Mar-2025 12:08:28 America/Fortaleza] === DEBUG SESSION START ===
[22-Mar-2025 12:08:28 America/Fortaleza] Session data: Array
(
    [user] => Array
        (
            [id] => 6
            [name] => Administrador
            [email] => admin@proftest.com.br
            [is_admin] => 1
            [is_manager] => 1
            [manager_id] => 
            [role] => admin
        )

    [flash] => Array
        (
            [type] => success
            [message] => Inscrição realizada com sucesso!
        )

)

[22-Mar-2025 12:08:28 America/Fortaleza] User role: admin
[22-Mar-2025 12:08:28 America/Fortaleza] Is admin: true
[22-Mar-2025 12:08:28 America/Fortaleza] === DEBUG SESSION END ===
[22-Mar-2025 12:08:28 America/Fortaleza] SQL Query: 
                SELECT c.*, cc.name as category_name 
                FROM courses c 
                LEFT JOIN course_categories cc ON c.category_id = cc.id 
             ORDER BY c.title
[22-Mar-2025 12:08:28 America/Fortaleza] Params: Array
(
)

[22-Mar-2025 12:08:31 America/Fortaleza] Database connection successful
[22-Mar-2025 12:08:31 America/Fortaleza] Users table already exists
[22-Mar-2025 12:08:31 America/Fortaleza] Course controller - Action: modules
[22-Mar-2025 12:08:31 America/Fortaleza] Loading modules for course
[22-Mar-2025 12:08:31 America/Fortaleza] Course content: <p>sdfasfsad sdfsdfsadf sdfsdfsdaf sdfdsfsdfdsa sdfsdfsadfs ssadfsadf </p><p><a href="https://brilha
[22-Mar-2025 12:08:31 America/Fortaleza] Error getting modules: SQLSTATE[42S22]: Column not found: 1054 Unknown column 'order_number' in 'order clause'
[22-Mar-2025 12:08:31 America/Fortaleza] Modules loaded: {"success":true,"course":{"id":4,"title":"Intelig\u00eancia Artificial","category_id":13,"level":"intermediate","description":"teste","content":"<p>sdfasfsad sdfsdfsadf sdfsdfsdaf sdfdsfsdfdsa sdfsdfsadfs ssadfsadf <\/p><p><a href=\"https:\/\/brilhamente.net\" target=\"_blank\">https:\/\/brilhamente.net<\/a><\/p>","duration_hours":10,"active":1,"created_at":"2025-03-21 20:04:53","updated_at":"2025-03-22 11:33:33","category_name":"Tecnologia"},"modules":[]}
[22-Mar-2025 12:08:50 America/Fortaleza] Database connection successful
[22-Mar-2025 12:08:50 America/Fortaleza] Users table already exists
[22-Mar-2025 12:08:50 America/Fortaleza] Course controller - Action: createModule
[22-Mar-2025 12:08:50 America/Fortaleza] Creating module - POST data: Array
(
    [module_id] => 
    [course_id] => 4
    [title] => Introdução
    [description] => aDDQW
    [content] => <p><strong>sdggdfg sdgdsgdsfgsd</strong></p>
    [order_number] => 1
)

[22-Mar-2025 12:08:50 America/Fortaleza] Creating module for course 4
[22-Mar-2025 12:08:50 America/Fortaleza] Module data: Array
(
    [title] => Introdução
    [description] => aDDQW
    [content] => <p><strong>sdggdfg sdgdsgdsfgsd</strong></p>
    [order_number] => 1
)

[22-Mar-2025 12:08:50 America/Fortaleza] Error creating module: SQLSTATE[42S22]: Column not found: 1054 Unknown column 'content' in 'field list'
[22-Mar-2025 12:08:50 America/Fortaleza] Error creating module: Erro ao criar módulo: SQLSTATE[42S22]: Column not found: 1054 Unknown column 'content' in 'field list'
[22-Mar-2025 12:08:50 America/Fortaleza] Error in courses controller: Erro ao criar módulo: SQLSTATE[42S22]: Column not found: 1054 Unknown column 'content' in 'field list'
[22-Mar-2025 13:01:38 America/Fortaleza] Database connection successful
[22-Mar-2025 13:01:38 America/Fortaleza] Users table already exists
[22-Mar-2025 13:01:39 America/Fortaleza] Database connection successful
[22-Mar-2025 13:01:39 America/Fortaleza] Users table already exists
[22-Mar-2025 13:01:39 America/Fortaleza] Loading template: /home4/efsantos/public_html/pdi/templates/auth/login.php
[22-Mar-2025 13:01:59 America/Fortaleza] Database connection successful
[22-Mar-2025 13:01:59 America/Fortaleza] Users table already exists
[22-Mar-2025 13:01:59 America/Fortaleza] Loading template: /home4/efsantos/public_html/pdi/templates/auth/login.php
[22-Mar-2025 13:01:59 America/Fortaleza] Admin already exists
[22-Mar-2025 13:01:59 America/Fortaleza] Login attempt for: admin@proftest.com.br
[22-Mar-2025 13:01:59 America/Fortaleza] Login successful
[22-Mar-2025 13:01:59 America/Fortaleza] Database connection successful
[22-Mar-2025 13:01:59 America/Fortaleza] Users table already exists
[22-Mar-2025 13:01:59 America/Fortaleza] Loading template: /home4/efsantos/public_html/pdi/templates/home.php
[22-Mar-2025 13:02:02 America/Fortaleza] Database connection successful
[22-Mar-2025 13:02:02 America/Fortaleza] Users table already exists
[22-Mar-2025 13:02:02 America/Fortaleza] Loading template: /home4/efsantos/public_html/pdi/templates/courses/catalog.php
[22-Mar-2025 13:02:02 America/Fortaleza] SQL Query: 
                SELECT c.*, cc.name as category_name 
                FROM courses c 
                LEFT JOIN course_categories cc ON c.category_id = cc.id 
             ORDER BY c.title
[22-Mar-2025 13:02:02 America/Fortaleza] Params: Array
(
)

[22-Mar-2025 13:02:07 America/Fortaleza] Database connection successful
[22-Mar-2025 13:02:07 America/Fortaleza] Users table already exists
[22-Mar-2025 13:02:07 America/Fortaleza] Loading template: /home4/efsantos/public_html/pdi/templates/courses/view.php
[22-Mar-2025 13:02:07 America/Fortaleza] Course content: <p>sdfasfsad sdfsdfsadf sdfsdfsdaf sdfdsfsdfdsa sdfsdfsadfs ssadfsadf </p><p><a href="https://brilha
[22-Mar-2025 13:02:11 America/Fortaleza] Database connection successful
[22-Mar-2025 13:02:11 America/Fortaleza] Users table already exists
[22-Mar-2025 13:02:11 America/Fortaleza] Loading template: /home4/efsantos/public_html/pdi/templates/courses/learn.php
[22-Mar-2025 13:02:11 America/Fortaleza] Course content: <p>sdfasfsad sdfsdfsadf sdfsdfsdaf sdfdsfsdfdsa sdfsdfsadfs ssadfsadf </p><p><a href="https://brilha
[22-Mar-2025 13:02:14 America/Fortaleza] Database connection successful
[22-Mar-2025 13:02:14 America/Fortaleza] Users table already exists
[22-Mar-2025 13:02:14 America/Fortaleza] Loading template: /home4/efsantos/public_html/pdi/templates/courses/view.php
[22-Mar-2025 13:02:14 America/Fortaleza] Course content: <p>sdfasfsad sdfsdfsadf sdfsdfsdaf sdfdsfsdfdsa sdfsdfsadfs ssadfsadf </p><p><a href="https://brilha
[22-Mar-2025 13:02:19 America/Fortaleza] Database connection successful
[22-Mar-2025 13:02:19 America/Fortaleza] Users table already exists
[22-Mar-2025 13:02:19 America/Fortaleza] Loading template: /home4/efsantos/public_html/pdi/templates/courses/manage.php
[22-Mar-2025 13:02:19 America/Fortaleza] === DEBUG SESSION START ===
[22-Mar-2025 13:02:19 America/Fortaleza] Session data: Array
(
    [user] => Array
        (
            [id] => 6
            [name] => Administrador
            [email] => admin@proftest.com.br
            [is_admin] => 1
            [is_manager] => 1
            [manager_id] => 
            [role] => admin
        )

)

[22-Mar-2025 13:02:19 America/Fortaleza] User role: admin
[22-Mar-2025 13:02:19 America/Fortaleza] Is admin: true
[22-Mar-2025 13:02:19 America/Fortaleza] === DEBUG SESSION END ===
[22-Mar-2025 13:02:19 America/Fortaleza] SQL Query: 
                SELECT c.*, cc.name as category_name 
                FROM courses c 
                LEFT JOIN course_categories cc ON c.category_id = cc.id 
             ORDER BY c.title
[22-Mar-2025 13:02:19 America/Fortaleza] Params: Array
(
)

[22-Mar-2025 13:02:23 America/Fortaleza] Database connection successful
[22-Mar-2025 13:02:23 America/Fortaleza] Users table already exists
[22-Mar-2025 13:02:23 America/Fortaleza] Course controller - Action: modules
[22-Mar-2025 13:02:23 America/Fortaleza] Loading modules for course
[22-Mar-2025 13:02:23 America/Fortaleza] Course content: <p>sdfasfsad sdfsdfsadf sdfsdfsdaf sdfdsfsdfdsa sdfsdfsadfs ssadfsadf </p><p><a href="https://brilha
[22-Mar-2025 13:02:23 America/Fortaleza] Error getting modules: SQLSTATE[42S22]: Column not found: 1054 Unknown column 'order_number' in 'order clause'
[22-Mar-2025 13:02:23 America/Fortaleza] Modules loaded: {"success":true,"course":{"id":4,"title":"Intelig\u00eancia Artificial","category_id":13,"level":"intermediate","description":"teste","content":"<p>sdfasfsad sdfsdfsadf sdfsdfsdaf sdfdsfsdfdsa sdfsdfsadfs ssadfsadf <\/p><p><a href=\"https:\/\/brilhamente.net\" target=\"_blank\">https:\/\/brilhamente.net<\/a><\/p>","duration_hours":10,"active":1,"created_at":"2025-03-21 20:04:53","updated_at":"2025-03-22 11:33:33","category_name":"Tecnologia"},"modules":[]}
[22-Mar-2025 13:02:43 America/Fortaleza] Database connection successful
[22-Mar-2025 13:02:43 America/Fortaleza] Users table already exists
[22-Mar-2025 13:02:43 America/Fortaleza] Course controller - Action: createModule
[22-Mar-2025 13:02:43 America/Fortaleza] Creating module - POST data: Array
(
    [module_id] => 
    [course_id] => 4
    [title] => Introdução
    [description] => qeqeqweqweq
    [content] => <p>qwe	qe	qeq	e	qeq	eq	e	qeq	eqfsfwqefwqefwqfwef</p>
    [order_number] => 1
)

[22-Mar-2025 13:02:43 America/Fortaleza] Creating module for course 4
[22-Mar-2025 13:02:43 America/Fortaleza] Module data: Array
(
    [title] => Introdução
    [description] => qeqeqweqweq
    [content] => <p>qwe	qe	qeq	e	qeq	eq	e	qeq	eqfsfwqefwqefwqfwef</p>
    [order_number] => 1
)

[22-Mar-2025 13:02:43 America/Fortaleza] Table columns: Array
(
    [0] => id
    [1] => course_id
    [2] => title
    [3] => description
    [4] => order_index
    [5] => created_at
    [6] => updated_at
)

[22-Mar-2025 13:02:43 America/Fortaleza] Error creating module: SQLSTATE[42S22]: Column not found: 1054 Unknown column 'content' in 'field list'
[22-Mar-2025 13:02:43 America/Fortaleza] Error creating module: Erro ao criar módulo: SQLSTATE[42S22]: Column not found: 1054 Unknown column 'content' in 'field list'
[22-Mar-2025 13:02:43 America/Fortaleza] Error in courses controller: Erro ao criar módulo: SQLSTATE[42S22]: Column not found: 1054 Unknown column 'content' in 'field list'
[22-Mar-2025 13:04:42 America/Fortaleza] Database connection successful
[22-Mar-2025 13:04:42 America/Fortaleza] Users table already exists
[22-Mar-2025 13:04:42 America/Fortaleza] Loading template: /home4/efsantos/public_html/pdi/templates/courses/manage.php
[22-Mar-2025 13:04:42 America/Fortaleza] === DEBUG SESSION START ===
[22-Mar-2025 13:04:42 America/Fortaleza] Session data: Array
(
    [user] => Array
        (
            [id] => 6
            [name] => Administrador
            [email] => admin@proftest.com.br
            [is_admin] => 1
            [is_manager] => 1
            [manager_id] => 
            [role] => admin
        )

)

[22-Mar-2025 13:04:42 America/Fortaleza] User role: admin
[22-Mar-2025 13:04:42 America/Fortaleza] Is admin: true
[22-Mar-2025 13:04:42 America/Fortaleza] === DEBUG SESSION END ===
[22-Mar-2025 13:04:42 America/Fortaleza] SQL Query: 
                SELECT c.*, cc.name as category_name 
                FROM courses c 
                LEFT JOIN course_categories cc ON c.category_id = cc.id 
             ORDER BY c.title
[22-Mar-2025 13:04:42 America/Fortaleza] Params: Array
(
)

[22-Mar-2025 13:04:46 America/Fortaleza] Database connection successful
[22-Mar-2025 13:04:46 America/Fortaleza] Users table already exists
[22-Mar-2025 13:04:46 America/Fortaleza] Course controller - Action: modules
[22-Mar-2025 13:04:46 America/Fortaleza] Loading modules for course
[22-Mar-2025 13:04:46 America/Fortaleza] Course content: <p>sdfasfsad sdfsdfsadf sdfsdfsdaf sdfdsfsdfdsa sdfsdfsadfs ssadfsadf </p><p><a href="https://brilha
[22-Mar-2025 13:04:46 America/Fortaleza] Error getting modules: SQLSTATE[42S22]: Column not found: 1054 Unknown column 'order_number' in 'order clause'
[22-Mar-2025 13:04:46 America/Fortaleza] Modules loaded: {"success":true,"course":{"id":4,"title":"Intelig\u00eancia Artificial","category_id":13,"level":"intermediate","description":"teste","content":"<p>sdfasfsad sdfsdfsadf sdfsdfsdaf sdfdsfsdfdsa sdfsdfsadfs ssadfsadf <\/p><p><a href=\"https:\/\/brilhamente.net\" target=\"_blank\">https:\/\/brilhamente.net<\/a><\/p>","duration_hours":10,"active":1,"created_at":"2025-03-21 20:04:53","updated_at":"2025-03-22 11:33:33","category_name":"Tecnologia"},"modules":[]}
[22-Mar-2025 13:05:09 America/Fortaleza] Database connection successful
[22-Mar-2025 13:05:09 America/Fortaleza] Users table already exists
[22-Mar-2025 13:05:09 America/Fortaleza] Course controller - Action: createModule
[22-Mar-2025 13:05:09 America/Fortaleza] Creating module - POST data: Array
(
    [module_id] => 
    [course_id] => 4
    [title] => Introdução
    [description] => asfdasfsadf sadf sdfsd safsafsd sadfsdf
    [content] => <p> dssdfsdfsdf sdfsdfsd sdfsdfsdf sdf sdfsdfsdfsd</p>
    [order_number] => 1
)

[22-Mar-2025 13:05:09 America/Fortaleza] Creating module for course 4
[22-Mar-2025 13:05:09 America/Fortaleza] Module data: Array
(
    [title] => Introdução
    [description] => asfdasfsadf sadf sdfsd safsafsd sadfsdf
    [content] => <p> dssdfsdfsdf sdfsdfsd sdfsdfsdf sdf sdfsdfsdfsd</p>
    [order_number] => 1
)

[22-Mar-2025 13:05:09 America/Fortaleza] Table structure: Array
(
    [Table] => course_modules
    [Create Table] => CREATE TABLE `course_modules` (
  `id` int(11) NOT NULL AUTO_INCREMENT,
  `course_id` int(11) NOT NULL,
  `title` varchar(255) COLLATE utf8_unicode_ci NOT NULL,
  `description` text COLLATE utf8_unicode_ci,
  `order_index` int(11) NOT NULL DEFAULT '0',
  `created_at` timestamp NOT NULL DEFAULT CURRENT_TIMESTAMP,
  `updated_at` timestamp NOT NULL DEFAULT CURRENT_TIMESTAMP ON UPDATE CURRENT_TIMESTAMP,
  PRIMARY KEY (`id`),
  KEY `course_id` (`course_id`),
  CONSTRAINT `course_modules_ibfk_1` FOREIGN KEY (`course_id`) REFERENCES `courses` (`id`)
) ENGINE=InnoDB DEFAULT CHARSET=utf8 COLLATE=utf8_unicode_ci
)

[22-Mar-2025 13:05:09 America/Fortaleza] Columns in table: Array
(
    [0] => id
    [1] => course_id
    [2] => title
    [3] => description
    [4] => order_index
    [5] => created_at
    [6] => updated_at
)

[22-Mar-2025 13:05:09 America/Fortaleza] Content column not found, attempting to add it
[22-Mar-2025 13:05:09 America/Fortaleza] Content column added successfully
[22-Mar-2025 13:05:09 America/Fortaleza] PDO Error: SQLSTATE[42S22]: Column not found: 1054 Unknown column 'order_number' in 'field list'
[22-Mar-2025 13:05:09 America/Fortaleza] Error creating module: Erro ao criar módulo: SQLSTATE[42S22]: Column not found: 1054 Unknown column 'order_number' in 'field list'
[22-Mar-2025 13:05:09 America/Fortaleza] Error in courses controller: Erro ao criar módulo: SQLSTATE[42S22]: Column not found: 1054 Unknown column 'order_number' in 'field list'
[22-Mar-2025 13:07:49 America/Fortaleza] Database connection successful
[22-Mar-2025 13:07:49 America/Fortaleza] Users table already exists
[22-Mar-2025 13:07:49 America/Fortaleza] Loading template: /home4/efsantos/public_html/pdi/templates/courses/manage.php
[22-Mar-2025 13:07:49 America/Fortaleza] === DEBUG SESSION START ===
[22-Mar-2025 13:07:49 America/Fortaleza] Session data: Array
(
    [user] => Array
        (
            [id] => 6
            [name] => Administrador
            [email] => admin@proftest.com.br
            [is_admin] => 1
            [is_manager] => 1
            [manager_id] => 
            [role] => admin
        )

)

[22-Mar-2025 13:07:49 America/Fortaleza] User role: admin
[22-Mar-2025 13:07:49 America/Fortaleza] Is admin: true
[22-Mar-2025 13:07:49 America/Fortaleza] === DEBUG SESSION END ===
[22-Mar-2025 13:07:49 America/Fortaleza] SQL Query: 
                SELECT c.*, cc.name as category_name 
                FROM courses c 
                LEFT JOIN course_categories cc ON c.category_id = cc.id 
             ORDER BY c.title
[22-Mar-2025 13:07:49 America/Fortaleza] Params: Array
(
)

[22-Mar-2025 13:07:53 America/Fortaleza] Database connection successful
[22-Mar-2025 13:07:53 America/Fortaleza] Users table already exists
[22-Mar-2025 13:07:53 America/Fortaleza] Course controller - Action: modules
[22-Mar-2025 13:07:53 America/Fortaleza] Loading modules for course
[22-Mar-2025 13:07:53 America/Fortaleza] Course content: <p>sdfasfsad sdfsdfsadf sdfsdfsdaf sdfdsfsdfdsa sdfsdfsadfs ssadfsadf </p><p><a href="https://brilha
[22-Mar-2025 13:07:53 America/Fortaleza] Modules loaded: {"success":true,"course":{"id":4,"title":"Intelig\u00eancia Artificial","category_id":13,"level":"intermediate","description":"teste","content":"<p>sdfasfsad sdfsdfsadf sdfsdfsdaf sdfdsfsdfdsa sdfsdfsadfs ssadfsadf <\/p><p><a href=\"https:\/\/brilhamente.net\" target=\"_blank\">https:\/\/brilhamente.net<\/a><\/p>","duration_hours":10,"active":1,"created_at":"2025-03-21 20:04:53","updated_at":"2025-03-22 11:33:33","category_name":"Tecnologia"},"modules":[]}
[22-Mar-2025 13:08:08 America/Fortaleza] Database connection successful
[22-Mar-2025 13:08:08 America/Fortaleza] Users table already exists
[22-Mar-2025 13:08:08 America/Fortaleza] Course controller - Action: createModule
[22-Mar-2025 13:08:08 America/Fortaleza] Creating module - POST data: Array
(
    [module_id] => 
    [course_id] => 4
    [title] => asefsafsad asdfsdafsadfsad
    [description] => dasfsdfsda sadfsadfsdaf sadfsdafasfsad
    [content] => <p> sdfasfsadfsdfdsdsaf</p>
    [order_number] => 1
)

[22-Mar-2025 13:08:08 America/Fortaleza] Creating module for course 4
[22-Mar-2025 13:08:08 America/Fortaleza] Module data: Array
(
    [title] => asefsafsad asdfsdafsadfsad
    [description] => dasfsdfsda sadfsadfsdaf sadfsdafasfsad
    [content] => <p> sdfasfsadfsdfdsdsaf</p>
    [order_number] => 1
)

[22-Mar-2025 13:08:08 America/Fortaleza] Executing insert with params: Array
(
    [:course_id] => 4
    [:title] => asefsafsad asdfsdafsadfsad
    [:description] => dasfsdfsda sadfsadfsdaf sadfsdafasfsad
    [:content] => <p> sdfasfsadfsdfdsdsaf</p>
    [:order_index] => 1
)

[22-Mar-2025 13:08:12 America/Fortaleza] Database connection successful
[22-Mar-2025 13:08:12 America/Fortaleza] Users table already exists
[22-Mar-2025 13:08:12 America/Fortaleza] Course controller - Action: modules
[22-Mar-2025 13:08:12 America/Fortaleza] Loading modules for course
[22-Mar-2025 13:08:12 America/Fortaleza] Course content: <p>sdfasfsad sdfsdfsadf sdfsdfsdaf sdfdsfsdfdsa sdfsdfsadfs ssadfsadf </p><p><a href="https://brilha
[22-Mar-2025 13:08:12 America/Fortaleza] Modules loaded: {"success":true,"course":{"id":4,"title":"Intelig\u00eancia Artificial","category_id":13,"level":"intermediate","description":"teste","content":"<p>sdfasfsad sdfsdfsadf sdfsdfsdaf sdfdsfsdfdsa sdfsdfsadfs ssadfsadf <\/p><p><a href=\"https:\/\/brilhamente.net\" target=\"_blank\">https:\/\/brilhamente.net<\/a><\/p>","duration_hours":10,"active":1,"created_at":"2025-03-21 20:04:53","updated_at":"2025-03-22 11:33:33","category_name":"Tecnologia"},"modules":[{"id":1,"course_id":4,"title":"asefsafsad asdfsdafsadfsad","description":"dasfsdfsda sadfsadfsdaf sadfsdafasfsad","content":"<p> sdfasfsadfsdfdsdsaf<\/p>","order_index":1,"created_at":"2025-03-22 13:08:08","updated_at":"2025-03-22 13:08:08"}]}
[22-Mar-2025 13:08:27 America/Fortaleza] Database connection successful
[22-Mar-2025 13:08:27 America/Fortaleza] Users table already exists
[22-Mar-2025 13:08:27 America/Fortaleza] Course controller - Action: createModule
[22-Mar-2025 13:08:27 America/Fortaleza] Creating module - POST data: Array
(
    [module_id] => 
    [course_id] => 4
    [title] => sdfsafasdfasd 
    [description] => sadfsdfsad sdafasdfsad
    [content] => <p>sdafsdafsda sadfsadfsd</p>
    [order_number] => 2
)

[22-Mar-2025 13:08:27 America/Fortaleza] Creating module for course 4
[22-Mar-2025 13:08:27 America/Fortaleza] Module data: Array
(
    [title] => sdfsafasdfasd 
    [description] => sadfsdfsad sdafasdfsad
    [content] => <p>sdafsdafsda sadfsadfsd</p>
    [order_number] => 2
)

[22-Mar-2025 13:08:27 America/Fortaleza] Executing insert with params: Array
(
    [:course_id] => 4
    [:title] => sdfsafasdfasd 
    [:description] => sadfsdfsad sdafasdfsad
    [:content] => <p>sdafsdafsda sadfsadfsd</p>
    [:order_index] => 2
)

[22-Mar-2025 13:08:29 America/Fortaleza] Database connection successful
[22-Mar-2025 13:08:29 America/Fortaleza] Users table already exists
[22-Mar-2025 13:08:29 America/Fortaleza] Course controller - Action: modules
[22-Mar-2025 13:08:29 America/Fortaleza] Loading modules for course
[22-Mar-2025 13:08:29 America/Fortaleza] Course content: <p>sdfasfsad sdfsdfsadf sdfsdfsdaf sdfdsfsdfdsa sdfsdfsadfs ssadfsadf </p><p><a href="https://brilha
[22-Mar-2025 13:08:29 America/Fortaleza] Modules loaded: {"success":true,"course":{"id":4,"title":"Intelig\u00eancia Artificial","category_id":13,"level":"intermediate","description":"teste","content":"<p>sdfasfsad sdfsdfsadf sdfsdfsdaf sdfdsfsdfdsa sdfsdfsadfs ssadfsadf <\/p><p><a href=\"https:\/\/brilhamente.net\" target=\"_blank\">https:\/\/brilhamente.net<\/a><\/p>","duration_hours":10,"active":1,"created_at":"2025-03-21 20:04:53","updated_at":"2025-03-22 11:33:33","category_name":"Tecnologia"},"modules":[{"id":1,"course_id":4,"title":"asefsafsad asdfsdafsadfsad","description":"dasfsdfsda sadfsadfsdaf sadfsdafasfsad","content":"<p> sdfasfsadfsdfdsdsaf<\/p>","order_index":1,"created_at":"2025-03-22 13:08:08","updated_at":"2025-03-22 13:08:08"},{"id":2,"course_id":4,"title":"sdfsafasdfasd ","description":"sadfsdfsad sdafasdfsad","content":"<p>sdafsdafsda sadfsadfsd<\/p>","order_index":2,"created_at":"2025-03-22 13:08:27","updated_at":"2025-03-22 13:08:27"}]}
[22-Mar-2025 13:08:37 America/Fortaleza] Database connection successful
[22-Mar-2025 13:08:37 America/Fortaleza] Users table already exists
[22-Mar-2025 13:08:37 America/Fortaleza] Course controller - Action: get
[22-Mar-2025 13:08:37 America/Fortaleza] Course content: <p>sdfasfsad sdfsdfsadf sdfsdfsdaf sdfdsfsdfdsa sdfsdfsadfs ssadfsadf </p><p><a href="https://brilha
[22-Mar-2025 13:08:46 America/Fortaleza] Database connection successful
[22-Mar-2025 13:08:46 America/Fortaleza] Users table already exists
[22-Mar-2025 13:08:46 America/Fortaleza] Loading template: /home4/efsantos/public_html/pdi/templates/courses/catalog.php
[22-Mar-2025 13:08:46 America/Fortaleza] SQL Query: 
                SELECT c.*, cc.name as category_name 
                FROM courses c 
                LEFT JOIN course_categories cc ON c.category_id = cc.id 
             ORDER BY c.title
[22-Mar-2025 13:08:46 America/Fortaleza] Params: Array
(
)

[22-Mar-2025 13:08:49 America/Fortaleza] Database connection successful
[22-Mar-2025 13:08:49 America/Fortaleza] Users table already exists
[22-Mar-2025 13:08:49 America/Fortaleza] Loading template: /home4/efsantos/public_html/pdi/templates/courses/view.php
[22-Mar-2025 13:08:49 America/Fortaleza] Course content: <p>sdfasfsad sdfsdfsadf sdfsdfsdaf sdfdsfsdfdsa sdfsdfsadfs ssadfsadf </p><p><a href="https://brilha
[22-Mar-2025 13:08:50 America/Fortaleza] Database connection successful
[22-Mar-2025 13:08:50 America/Fortaleza] Users table already exists
[22-Mar-2025 13:08:50 America/Fortaleza] Loading template: /home4/efsantos/public_html/pdi/templates/courses/learn.php
[22-Mar-2025 13:08:50 America/Fortaleza] Course content: <p>sdfasfsad sdfsdfsadf sdfsdfsdaf sdfdsfsdfdsa sdfsdfsadfs ssadfsadf </p><p><a href="https://brilha
[22-Mar-2025 13:10:54 America/Fortaleza] Database connection successful
[22-Mar-2025 13:10:54 America/Fortaleza] Users table already exists
[22-Mar-2025 13:10:54 America/Fortaleza] Loading template: /home4/efsantos/public_html/pdi/templates/courses/learn.php
[22-Mar-2025 13:10:54 America/Fortaleza] Course content: <p>sdfasfsad sdfsdfsadf sdfsdfsdaf sdfdsfsdfdsa sdfsdfsadfs ssadfsadf </p><p><a href="https://brilha
[22-Mar-2025 13:10:57 America/Fortaleza] Database connection successful
[22-Mar-2025 13:10:57 America/Fortaleza] Users table already exists
[22-Mar-2025 13:10:57 America/Fortaleza] Loading template: /home4/efsantos/public_html/pdi/templates/courses/catalog.php
[22-Mar-2025 13:10:57 America/Fortaleza] SQL Query: 
                SELECT c.*, cc.name as category_name 
                FROM courses c 
                LEFT JOIN course_categories cc ON c.category_id = cc.id 
             ORDER BY c.title
[22-Mar-2025 13:10:57 America/Fortaleza] Params: Array
(
)

[22-Mar-2025 13:11:00 America/Fortaleza] Database connection successful
[22-Mar-2025 13:11:00 America/Fortaleza] Users table already exists
[22-Mar-2025 13:11:00 America/Fortaleza] Loading template: /home4/efsantos/public_html/pdi/templates/courses/view.php
[22-Mar-2025 13:11:00 America/Fortaleza] Course content: <p>sdfasfsad sdfsdfsadf sdfsdfsdaf sdfdsfsdfdsa sdfsdfsadfs ssadfsadf </p><p><a href="https://brilha
[22-Mar-2025 13:11:09 America/Fortaleza] Database connection successful
[22-Mar-2025 13:11:09 America/Fortaleza] Users table already exists
[22-Mar-2025 13:11:09 America/Fortaleza] Loading template: /home4/efsantos/public_html/pdi/templates/courses/learn.php
[22-Mar-2025 13:11:09 America/Fortaleza] Course content: <p>sdfasfsad sdfsdfsadf sdfsdfsdaf sdfdsfsdfdsa sdfsdfsadfs ssadfsadf </p><p><a href="https://brilha
[22-Mar-2025 13:11:16 America/Fortaleza] Database connection successful
[22-Mar-2025 13:11:16 America/Fortaleza] Users table already exists
[22-Mar-2025 13:11:16 America/Fortaleza] Loading template: /home4/efsantos/public_html/pdi/templates/courses/manage.php
[22-Mar-2025 13:11:16 America/Fortaleza] === DEBUG SESSION START ===
[22-Mar-2025 13:11:16 America/Fortaleza] Session data: Array
(
    [user] => Array
        (
            [id] => 6
            [name] => Administrador
            [email] => admin@proftest.com.br
            [is_admin] => 1
            [is_manager] => 1
            [manager_id] => 
            [role] => admin
        )

)

[22-Mar-2025 13:11:16 America/Fortaleza] User role: admin
[22-Mar-2025 13:11:16 America/Fortaleza] Is admin: true
[22-Mar-2025 13:11:16 America/Fortaleza] === DEBUG SESSION END ===
[22-Mar-2025 13:11:16 America/Fortaleza] SQL Query: 
                SELECT c.*, cc.name as category_name 
                FROM courses c 
                LEFT JOIN course_categories cc ON c.category_id = cc.id 
             ORDER BY c.title
[22-Mar-2025 13:11:16 America/Fortaleza] Params: Array
(
)

[22-Mar-2025 13:11:20 America/Fortaleza] Database connection successful
[22-Mar-2025 13:11:20 America/Fortaleza] Users table already exists
[22-Mar-2025 13:11:20 America/Fortaleza] Course controller - Action: get
[22-Mar-2025 13:11:20 America/Fortaleza] Course content: <p>sdfasfsad sdfsdfsadf sdfsdfsdaf sdfdsfsdfdsa sdfsdfsadfs ssadfsadf </p><p><a href="https://brilha
[22-Mar-2025 13:11:28 America/Fortaleza] Database connection successful
[22-Mar-2025 13:11:28 America/Fortaleza] Users table already exists
[22-Mar-2025 13:11:28 America/Fortaleza] Course controller - Action: get
[22-Mar-2025 13:11:28 America/Fortaleza] Course content: <p>sdfasfsad sdfsdfsadf sdfsdfsdaf sdfdsfsdfdsa sdfsdfsadfs ssadfsadf </p><p><a href="https://brilha
[22-Mar-2025 13:15:22 America/Fortaleza] Database connection successful
[22-Mar-2025 13:15:22 America/Fortaleza] Users table already exists
[22-Mar-2025 13:15:22 America/Fortaleza] Loading template: /home4/efsantos/public_html/pdi/templates/courses/manage.php
[22-Mar-2025 13:15:22 America/Fortaleza] === DEBUG SESSION START ===
[22-Mar-2025 13:15:22 America/Fortaleza] Session data: Array
(
    [user] => Array
        (
            [id] => 6
            [name] => Administrador
            [email] => admin@proftest.com.br
            [is_admin] => 1
            [is_manager] => 1
            [manager_id] => 
            [role] => admin
        )

)

[22-Mar-2025 13:15:22 America/Fortaleza] User role: admin
[22-Mar-2025 13:15:22 America/Fortaleza] Is admin: true
[22-Mar-2025 13:15:22 America/Fortaleza] === DEBUG SESSION END ===
[22-Mar-2025 13:15:22 America/Fortaleza] SQL Query: 
                SELECT c.*, cc.name as category_name 
                FROM courses c 
                LEFT JOIN course_categories cc ON c.category_id = cc.id 
             ORDER BY c.title
[22-Mar-2025 13:15:22 America/Fortaleza] Params: Array
(
)

[22-Mar-2025 13:15:26 America/Fortaleza] Database connection successful
[22-Mar-2025 13:15:26 America/Fortaleza] Users table already exists
[22-Mar-2025 13:15:26 America/Fortaleza] Course controller - Action: modules
[22-Mar-2025 13:15:26 America/Fortaleza] Loading modules for course
[22-Mar-2025 13:15:26 America/Fortaleza] Course content: <p>sdfasfsad sdfsdfsadf sdfsdfsdaf sdfdsfsdfdsa sdfsdfsadfs ssadfsadf </p><p><a href="https://brilha
[22-Mar-2025 13:15:26 America/Fortaleza] Modules loaded: {"success":true,"course":{"id":4,"title":"Intelig\u00eancia Artificial","category_id":13,"level":"intermediate","description":"teste","content":"<p>sdfasfsad sdfsdfsadf sdfsdfsdaf sdfdsfsdfdsa sdfsdfsadfs ssadfsadf <\/p><p><a href=\"https:\/\/brilhamente.net\" target=\"_blank\">https:\/\/brilhamente.net<\/a><\/p>","duration_hours":10,"active":1,"created_at":"2025-03-21 20:04:53","updated_at":"2025-03-22 11:33:33","category_name":"Tecnologia"},"modules":[{"id":1,"course_id":4,"title":"asefsafsad asdfsdafsadfsad","description":"dasfsdfsda sadfsadfsdaf sadfsdafasfsad","content":"<p> sdfasfsadfsdfdsdsaf<\/p>","order_index":1,"created_at":"2025-03-22 13:08:08","updated_at":"2025-03-22 13:08:08"},{"id":2,"course_id":4,"title":"sdfsafasdfasd ","description":"sadfsdfsad sdafasdfsad","content":"<p>sdafsdafsda sadfsadfsd<\/p>","order_index":2,"created_at":"2025-03-22 13:08:27","updated_at":"2025-03-22 13:08:27"}]}
[22-Mar-2025 13:15:29 America/Fortaleza] Database connection successful
[22-Mar-2025 13:15:29 America/Fortaleza] Users table already exists
[22-Mar-2025 13:15:29 America/Fortaleza] Course controller - Action: getModule
[22-Mar-2025 13:15:32 America/Fortaleza] Database connection successful
[22-Mar-2025 13:15:32 America/Fortaleza] Users table already exists
[22-Mar-2025 13:15:32 America/Fortaleza] Course controller - Action: getModule
[22-Mar-2025 13:15:35 America/Fortaleza] Database connection successful
[22-Mar-2025 13:15:35 America/Fortaleza] Users table already exists
[22-Mar-2025 13:15:35 America/Fortaleza] Loading template: /home4/efsantos/public_html/pdi/templates/courses/catalog.php
[22-Mar-2025 13:15:35 America/Fortaleza] SQL Query: 
                SELECT c.*, cc.name as category_name 
                FROM courses c 
                LEFT JOIN course_categories cc ON c.category_id = cc.id 
             ORDER BY c.title
[22-Mar-2025 13:15:35 America/Fortaleza] Params: Array
(
)

[22-Mar-2025 13:15:39 America/Fortaleza] Database connection successful
[22-Mar-2025 13:15:39 America/Fortaleza] Users table already exists
[22-Mar-2025 13:15:39 America/Fortaleza] Loading template: /home4/efsantos/public_html/pdi/templates/courses/view.php
[22-Mar-2025 13:15:39 America/Fortaleza] Course content: <p>sdfasfsad sdfsdfsadf sdfsdfsdaf sdfdsfsdfdsa sdfsdfsadfs ssadfsadf </p><p><a href="https://brilha
[22-Mar-2025 13:15:42 America/Fortaleza] Database connection successful
[22-Mar-2025 13:15:42 America/Fortaleza] Users table already exists
[22-Mar-2025 13:15:42 America/Fortaleza] Loading template: /home4/efsantos/public_html/pdi/templates/courses/module.php
[22-Mar-2025 13:15:42 America/Fortaleza] Course content: <p>sdfasfsad sdfsdfsadf sdfsdfsdaf sdfdsfsdfdsa sdfsdfsadfs ssadfsadf </p><p><a href="https://brilha
[22-Mar-2025 13:15:48 America/Fortaleza] Database connection successful
[22-Mar-2025 13:15:48 America/Fortaleza] Users table already exists
[22-Mar-2025 13:15:48 America/Fortaleza] Loading template: /home4/efsantos/public_html/pdi/templates/courses/module.php
[22-Mar-2025 13:15:48 America/Fortaleza] Course content: <p>sdfasfsad sdfsdfsadf sdfsdfsdaf sdfdsfsdfdsa sdfsdfsadfs ssadfsadf </p><p><a href="https://brilha
[22-Mar-2025 18:30:04 America/Fortaleza] Database connection successful
[22-Mar-2025 18:30:04 America/Fortaleza] Users table already exists
[22-Mar-2025 18:30:04 America/Fortaleza] Loading template: /home4/efsantos/public_html/pdi/templates/courses/module.php
[22-Mar-2025 18:30:04 America/Fortaleza] Course content: <p>sdfasfsad sdfsdfsadf sdfsdfsdaf sdfdsfsdfdsa sdfsdfsadfs ssadfsadf </p><p><a href="https://brilha
[22-Mar-2025 18:30:04 America/Fortaleza] PHP Warning:  Undefined array key "user" in /home4/efsantos/public_html/pdi/templates/courses/module.php on line 22
[22-Mar-2025 18:30:04 America/Fortaleza] PHP Warning:  Trying to access array offset on value of type null in /home4/efsantos/public_html/pdi/templates/courses/module.php on line 22
[22-Mar-2025 18:30:04 America/Fortaleza] PHP Warning:  Undefined array key "user" in /home4/efsantos/public_html/pdi/templates/courses/module.php on line 25
[22-Mar-2025 18:30:04 America/Fortaleza] PHP Warning:  Trying to access array offset on value of type null in /home4/efsantos/public_html/pdi/templates/courses/module.php on line 25
[22-Mar-2025 18:30:04 America/Fortaleza] Database connection successful
[22-Mar-2025 18:30:04 America/Fortaleza] Users table already exists
[22-Mar-2025 18:30:04 America/Fortaleza] Loading template: /home4/efsantos/public_html/pdi/templates/courses/view.php
[22-Mar-2025 18:30:04 America/Fortaleza] Course content: <p>sdfasfsad sdfsdfsadf sdfsdfsdaf sdfdsfsdfdsa sdfsdfsadfs ssadfsadf </p><p><a href="https://brilha
[22-Mar-2025 18:30:04 America/Fortaleza] PHP Warning:  Undefined array key "user" in /home4/efsantos/public_html/pdi/templates/courses/view.php on line 32
[22-Mar-2025 18:30:04 America/Fortaleza] PHP Warning:  Trying to access array offset on value of type null in /home4/efsantos/public_html/pdi/templates/courses/view.php on line 32
[22-Mar-2025 18:30:04 America/Fortaleza] PHP Warning:  Undefined array key "user" in /home4/efsantos/public_html/pdi/templates/courses/view.php on line 119
[22-Mar-2025 18:30:04 America/Fortaleza] PHP Warning:  Trying to access array offset on value of type null in /home4/efsantos/public_html/pdi/templates/courses/view.php on line 119
[22-Mar-2025 18:30:04 America/Fortaleza] PHP Warning:  Undefined array key "user" in /home4/efsantos/public_html/pdi/templates/courses/view.php on line 119
[22-Mar-2025 18:30:04 America/Fortaleza] PHP Warning:  Trying to access array offset on value of type null in /home4/efsantos/public_html/pdi/templates/courses/view.php on line 119
[24-Mar-2025 15:26:14 America/Fortaleza] Database connection successful
[24-Mar-2025 15:26:14 America/Fortaleza] Users table already exists
[24-Mar-2025 15:26:14 America/Fortaleza] Loading template: /home4/efsantos/public_html/pdi/templates/home.php
[24-Mar-2025 17:50:26 America/Fortaleza] Database connection successful
[24-Mar-2025 17:50:26 America/Fortaleza] Users table already exists
[24-Mar-2025 17:50:26 America/Fortaleza] Loading template: /home4/efsantos/public_html/pdi/templates/home.php
[24-Mar-2025 17:50:33 America/Fortaleza] Database connection successful
[24-Mar-2025 17:50:33 America/Fortaleza] Users table already exists
[24-Mar-2025 17:50:34 America/Fortaleza] Database connection successful
[24-Mar-2025 17:50:34 America/Fortaleza] Users table already exists
[24-Mar-2025 17:50:34 America/Fortaleza] Loading template: /home4/efsantos/public_html/pdi/templates/home.php
[24-Mar-2025 17:50:36 America/Fortaleza] Database connection successful
[24-Mar-2025 17:50:36 America/Fortaleza] Users table already exists
[24-Mar-2025 17:50:36 America/Fortaleza] Loading template: /home4/efsantos/public_html/pdi/templates/auth/login.php
[24-Mar-2025 17:50:38 America/Fortaleza] Database connection successful
[24-Mar-2025 17:50:38 America/Fortaleza] Users table already exists
[24-Mar-2025 17:50:38 America/Fortaleza] Template not found for route: register
[24-Mar-2025 17:50:38 America/Fortaleza] Tried paths:
[24-Mar-2025 17:50:38 America/Fortaleza] - /home4/efsantos/public_html/pdi/templates/auth/register.php
[24-Mar-2025 17:50:38 America/Fortaleza] - /home4/efsantos/public_html/pdi/templates/register.php
[24-Mar-2025 17:50:39 America/Fortaleza] Database connection successful
[24-Mar-2025 17:50:39 America/Fortaleza] Users table already exists
[24-Mar-2025 17:50:40 America/Fortaleza] Database connection successful
[24-Mar-2025 17:50:40 America/Fortaleza] Users table already exists
[24-Mar-2025 17:50:42 America/Fortaleza] Database connection successful
[24-Mar-2025 17:50:42 America/Fortaleza] Users table already exists
[24-Mar-2025 17:50:42 America/Fortaleza] Template not found for route: forgot-password
[24-Mar-2025 17:50:42 America/Fortaleza] Tried paths:
[24-Mar-2025 17:50:42 America/Fortaleza] - /home4/efsantos/public_html/pdi/templates/auth/forgot-password.php
[24-Mar-2025 17:50:42 America/Fortaleza] - /home4/efsantos/public_html/pdi/templates/forgot-password.php
[24-Mar-2025 19:01:48 America/Fortaleza] Database connection successful
[24-Mar-2025 19:01:48 America/Fortaleza] Users table already exists
[24-Mar-2025 19:01:48 America/Fortaleza] Loading template: /home4/efsantos/public_html/pdi/templates/home.php
[24-Mar-2025 21:03:32 America/Fortaleza] Database connection successful
[24-Mar-2025 21:03:32 America/Fortaleza] Users table already exists
[24-Mar-2025 21:03:32 America/Fortaleza] Loading template: /home4/efsantos/public_html/pdi/templates/home.php
[25-Mar-2025 16:38:43 America/Fortaleza] Database connection successful
[25-Mar-2025 16:38:43 America/Fortaleza] Users table already exists
[25-Mar-2025 16:38:43 America/Fortaleza] Loading template: /home4/efsantos/public_html/pdi/templates/home.php
[25-Mar-2025 17:20:34 America/Fortaleza] Database connection successful
[25-Mar-2025 17:20:34 America/Fortaleza] Users table already exists
[25-Mar-2025 17:21:01 America/Fortaleza] Database connection successful
[25-Mar-2025 17:21:01 America/Fortaleza] Users table already exists
[25-Mar-2025 17:21:01 America/Fortaleza] Loading template: /home4/efsantos/public_html/pdi/templates/auth/login.php
[25-Mar-2025 18:22:16 America/Fortaleza] Database connection successful
[25-Mar-2025 18:22:16 America/Fortaleza] Users table already exists
[25-Mar-2025 18:22:17 America/Fortaleza] Database connection successful
[25-Mar-2025 18:22:17 America/Fortaleza] Users table already exists
[25-Mar-2025 18:22:17 America/Fortaleza] Loading template: /home4/efsantos/public_html/pdi/templates/auth/login.php
[25-Mar-2025 23:52:43 America/Fortaleza] Database connection successful
[25-Mar-2025 23:52:43 America/Fortaleza] Users table already exists
[25-Mar-2025 23:52:43 America/Fortaleza] Loading template: /home4/efsantos/public_html/pdi/templates/home.php
[26-Mar-2025 04:20:56 America/Fortaleza] Database connection successful
[26-Mar-2025 04:20:56 America/Fortaleza] Users table already exists
[26-Mar-2025 04:20:56 America/Fortaleza] Template not found for route: register
[26-Mar-2025 04:20:56 America/Fortaleza] Tried paths:
[26-Mar-2025 04:20:56 America/Fortaleza] - /home4/efsantos/public_html/pdi/templates/auth/register.php
[26-Mar-2025 04:20:56 America/Fortaleza] - /home4/efsantos/public_html/pdi/templates/register.php
[26-Mar-2025 04:42:39 America/Fortaleza] Database connection successful
[26-Mar-2025 04:42:39 America/Fortaleza] Users table already exists
[26-Mar-2025 04:42:39 America/Fortaleza] Template not found for route: forgot-password
[26-Mar-2025 04:42:39 America/Fortaleza] Tried paths:
[26-Mar-2025 04:42:39 America/Fortaleza] - /home4/efsantos/public_html/pdi/templates/auth/forgot-password.php
[26-Mar-2025 04:42:39 America/Fortaleza] - /home4/efsantos/public_html/pdi/templates/forgot-password.php
[26-Mar-2025 11:10:44 America/Fortaleza] Database connection successful
[26-Mar-2025 11:10:44 America/Fortaleza] Users table already exists
[26-Mar-2025 11:10:44 America/Fortaleza] Loading template: /home4/efsantos/public_html/pdi/templates/home.php
[26-Mar-2025 14:35:43 America/Fortaleza] Database connection successful
[26-Mar-2025 14:35:43 America/Fortaleza] Users table already exists
[26-Mar-2025 14:35:43 America/Fortaleza] Loading template: /home4/efsantos/public_html/pdi/templates/home.php
[26-Mar-2025 19:21:23 America/Fortaleza] Database connection successful
[26-Mar-2025 19:21:23 America/Fortaleza] Users table already exists
[26-Mar-2025 19:21:23 America/Fortaleza] Loading template: /home4/efsantos/public_html/pdi/templates/home.php
[26-Mar-2025 19:33:12 America/Fortaleza] Database connection successful
[26-Mar-2025 19:33:12 America/Fortaleza] Users table already exists
[26-Mar-2025 19:33:12 America/Fortaleza] Loading template: /home4/efsantos/public_html/pdi/templates/home.php
[26-Mar-2025 20:09:01 America/Fortaleza] Database connection successful
[26-Mar-2025 20:09:01 America/Fortaleza] Users table already exists
[26-Mar-2025 20:09:01 America/Fortaleza] Loading template: /home4/efsantos/public_html/pdi/templates/home.php
[26-Mar-2025 20:43:13 America/Fortaleza] Database connection successful
[26-Mar-2025 20:43:13 America/Fortaleza] Users table already exists
[26-Mar-2025 20:43:13 America/Fortaleza] Loading template: /home4/efsantos/public_html/pdi/templates/home.php
[26-Mar-2025 22:22:29 America/Fortaleza] Database connection successful
[26-Mar-2025 22:22:29 America/Fortaleza] Users table already exists
[26-Mar-2025 22:22:50 America/Fortaleza] Database connection successful
[26-Mar-2025 22:22:50 America/Fortaleza] Users table already exists
[26-Mar-2025 22:22:50 America/Fortaleza] Loading template: /home4/efsantos/public_html/pdi/templates/auth/login.php
[26-Mar-2025 22:36:04 America/Fortaleza] Database connection successful
[26-Mar-2025 22:36:04 America/Fortaleza] Users table already exists
[26-Mar-2025 22:36:04 America/Fortaleza] Database connection successful
[26-Mar-2025 22:36:04 America/Fortaleza] Users table already exists
[26-Mar-2025 22:36:04 America/Fortaleza] Loading template: /home4/efsantos/public_html/pdi/templates/auth/login.php
[27-Mar-2025 00:45:56 America/Fortaleza] Database connection successful
[27-Mar-2025 00:45:56 America/Fortaleza] Users table already exists
[27-Mar-2025 00:45:56 America/Fortaleza] Database connection successful
[27-Mar-2025 00:45:56 America/Fortaleza] Users table already exists
[27-Mar-2025 00:45:56 America/Fortaleza] Loading template: /home4/efsantos/public_html/pdi/templates/auth/login.php
[27-Mar-2025 00:51:51 America/Fortaleza] Database connection successful
[27-Mar-2025 00:51:51 America/Fortaleza] Users table already exists
[27-Mar-2025 00:51:52 America/Fortaleza] Database connection successful
[27-Mar-2025 00:51:52 America/Fortaleza] Users table already exists
[27-Mar-2025 00:51:52 America/Fortaleza] Loading template: /home4/efsantos/public_html/pdi/templates/auth/login.php
[27-Mar-2025 01:57:30 America/Fortaleza] Database connection successful
[27-Mar-2025 01:57:30 America/Fortaleza] Users table already exists
[27-Mar-2025 01:57:30 America/Fortaleza] Loading template: /home4/efsantos/public_html/pdi/templates/home.php
[27-Mar-2025 03:04:24 America/Fortaleza] Database connection successful
[27-Mar-2025 03:04:24 America/Fortaleza] Users table already exists
[27-Mar-2025 03:04:24 America/Fortaleza] Database connection successful
[27-Mar-2025 03:04:24 America/Fortaleza] Users table already exists
[27-Mar-2025 03:04:24 America/Fortaleza] Loading template: /home4/efsantos/public_html/pdi/templates/auth/login.php
[27-Mar-2025 03:28:32 America/Fortaleza] Database connection successful
[27-Mar-2025 03:28:32 America/Fortaleza] Users table already exists
[27-Mar-2025 03:28:59 America/Fortaleza] Database connection successful
[27-Mar-2025 03:28:59 America/Fortaleza] Users table already exists
[27-Mar-2025 03:28:59 America/Fortaleza] Loading template: /home4/efsantos/public_html/pdi/templates/auth/login.php
[27-Mar-2025 03:35:05 America/Fortaleza] Database connection successful
[27-Mar-2025 03:35:05 America/Fortaleza] Users table already exists
[27-Mar-2025 03:35:05 America/Fortaleza] Template not found for route: forgot-password
[27-Mar-2025 03:35:06 America/Fortaleza] Tried paths:
[27-Mar-2025 03:35:06 America/Fortaleza] - /home4/efsantos/public_html/pdi/templates/auth/forgot-password.php
[27-Mar-2025 03:35:06 America/Fortaleza] - /home4/efsantos/public_html/pdi/templates/forgot-password.php
[27-Mar-2025 03:56:23 America/Fortaleza] Database connection successful
[27-Mar-2025 03:56:23 America/Fortaleza] Users table already exists
[27-Mar-2025 03:56:23 America/Fortaleza] Database connection successful
[27-Mar-2025 03:56:23 America/Fortaleza] Users table already exists
[27-Mar-2025 03:56:23 America/Fortaleza] Loading template: /home4/efsantos/public_html/pdi/templates/auth/login.php
[27-Mar-2025 04:33:01 America/Fortaleza] Database connection successful
[27-Mar-2025 04:33:01 America/Fortaleza] Users table already exists
[27-Mar-2025 04:33:01 America/Fortaleza] Loading template: /home4/efsantos/public_html/pdi/templates/home.php
[27-Mar-2025 07:23:47 America/Fortaleza] Database connection successful
[27-Mar-2025 07:23:47 America/Fortaleza] Users table already exists
[27-Mar-2025 07:23:47 America/Fortaleza] Template not found for route: register
[27-Mar-2025 07:23:47 America/Fortaleza] Tried paths:
[27-Mar-2025 07:23:47 America/Fortaleza] - /home4/efsantos/public_html/pdi/templates/auth/register.php
[27-Mar-2025 07:23:47 America/Fortaleza] - /home4/efsantos/public_html/pdi/templates/register.php
[27-Mar-2025 18:33:18 America/Fortaleza] Database connection successful
[27-Mar-2025 18:33:18 America/Fortaleza] Users table already exists
[27-Mar-2025 18:33:18 America/Fortaleza] Loading template: /home4/efsantos/public_html/pdi/templates/home.php
[27-Mar-2025 19:24:47 America/Fortaleza] Database connection successful
[27-Mar-2025 19:24:47 America/Fortaleza] Users table already exists
[27-Mar-2025 19:24:47 America/Fortaleza] Loading template: /home4/efsantos/public_html/pdi/templates/home.php
[27-Mar-2025 19:52:32 America/Fortaleza] Database connection successful
[27-Mar-2025 19:52:32 America/Fortaleza] Users table already exists
[27-Mar-2025 19:52:32 America/Fortaleza] Loading template: /home4/efsantos/public_html/pdi/templates/home.php
[27-Mar-2025 23:45:31 America/Fortaleza] Database connection successful
[27-Mar-2025 23:45:31 America/Fortaleza] Users table already exists
[27-Mar-2025 23:45:31 America/Fortaleza] Loading template: /home4/efsantos/public_html/pdi/templates/home.php
[28-Mar-2025 04:12:34 America/Fortaleza] Database connection successful
[28-Mar-2025 04:12:34 America/Fortaleza] Users table already exists
[28-Mar-2025 04:12:34 America/Fortaleza] Loading template: /home4/efsantos/public_html/pdi/templates/home.php
[28-Mar-2025 04:54:23 America/Fortaleza] Database connection successful
[28-Mar-2025 04:54:23 America/Fortaleza] Users table already exists
[28-Mar-2025 04:54:23 America/Fortaleza] Template not found for route: register
[28-Mar-2025 04:54:23 America/Fortaleza] Tried paths:
[28-Mar-2025 04:54:23 America/Fortaleza] - /home4/efsantos/public_html/pdi/templates/auth/register.php
[28-Mar-2025 04:54:23 America/Fortaleza] - /home4/efsantos/public_html/pdi/templates/register.php
[28-Mar-2025 08:45:02 America/Fortaleza] Database connection successful
[28-Mar-2025 08:45:02 America/Fortaleza] Users table already exists
[28-Mar-2025 08:45:02 America/Fortaleza] Database connection successful
[28-Mar-2025 08:45:02 America/Fortaleza] Users table already exists
[28-Mar-2025 08:45:02 America/Fortaleza] Loading template: /home4/efsantos/public_html/pdi/templates/auth/login.php
[28-Mar-2025 08:45:24 America/Fortaleza] Database connection successful
[28-Mar-2025 08:45:24 America/Fortaleza] Users table already exists
[28-Mar-2025 08:45:24 America/Fortaleza] Loading template: /home4/efsantos/public_html/pdi/templates/home.php
[28-Mar-2025 13:55:02 America/Fortaleza] Database connection successful
[28-Mar-2025 13:55:02 America/Fortaleza] Users table already exists
[28-Mar-2025 13:55:02 America/Fortaleza] Loading template: /home4/efsantos/public_html/pdi/templates/home.php
[28-Mar-2025 15:53:54 America/Fortaleza] Database connection successful
[28-Mar-2025 15:53:54 America/Fortaleza] Users table already exists
[28-Mar-2025 15:53:54 America/Fortaleza] Database connection successful
[28-Mar-2025 15:53:54 America/Fortaleza] Users table already exists
[28-Mar-2025 15:53:54 America/Fortaleza] Loading template: /home4/efsantos/public_html/pdi/templates/auth/login.php
[28-Mar-2025 16:34:30 America/Fortaleza] Database connection successful
[28-Mar-2025 16:34:30 America/Fortaleza] Users table already exists
[28-Mar-2025 16:34:30 America/Fortaleza] Database connection successful
[28-Mar-2025 16:34:30 America/Fortaleza] Users table already exists
[28-Mar-2025 16:34:30 America/Fortaleza] Loading template: /home4/efsantos/public_html/pdi/templates/auth/login.php
[29-Mar-2025 03:11:53 America/Fortaleza] Database connection successful
[29-Mar-2025 03:11:53 America/Fortaleza] Users table already exists
[29-Mar-2025 03:11:53 America/Fortaleza] Loading template: /home4/efsantos/public_html/pdi/templates/home.php
[29-Mar-2025 06:25:38 America/Fortaleza] Database connection successful
[29-Mar-2025 06:25:38 America/Fortaleza] Users table already exists
[29-Mar-2025 06:25:38 America/Fortaleza] Database connection successful
[29-Mar-2025 06:25:38 America/Fortaleza] Users table already exists
[29-Mar-2025 06:25:38 America/Fortaleza] Loading template: /home4/efsantos/public_html/pdi/templates/auth/login.php
[29-Mar-2025 06:33:04 America/Fortaleza] Database connection successful
[29-Mar-2025 06:33:04 America/Fortaleza] Users table already exists
[29-Mar-2025 06:33:04 America/Fortaleza] Loading template: /home4/efsantos/public_html/pdi/templates/home.php
[29-Mar-2025 06:35:09 America/Fortaleza] Database connection successful
[29-Mar-2025 06:35:09 America/Fortaleza] Users table already exists
[29-Mar-2025 06:35:09 America/Fortaleza] Database connection successful
[29-Mar-2025 06:35:09 America/Fortaleza] Users table already exists
[29-Mar-2025 06:35:09 America/Fortaleza] Loading template: /home4/efsantos/public_html/pdi/templates/auth/login.php
[29-Mar-2025 06:37:20 America/Fortaleza] Database connection successful
[29-Mar-2025 06:37:20 America/Fortaleza] Users table already exists
[29-Mar-2025 06:37:20 America/Fortaleza] Database connection successful
[29-Mar-2025 06:37:20 America/Fortaleza] Users table already exists
[29-Mar-2025 06:37:20 America/Fortaleza] Loading template: /home4/efsantos/public_html/pdi/templates/auth/login.php
[29-Mar-2025 06:42:20 America/Fortaleza] Database connection successful
[29-Mar-2025 06:42:20 America/Fortaleza] Users table already exists
[29-Mar-2025 06:42:20 America/Fortaleza] Loading template: /home4/efsantos/public_html/pdi/templates/home.php
[29-Mar-2025 06:52:38 America/Fortaleza] Database connection successful
[29-Mar-2025 06:52:38 America/Fortaleza] Users table already exists
[29-Mar-2025 06:52:38 America/Fortaleza] Loading template: /home4/efsantos/public_html/pdi/templates/auth/login.php
[29-Mar-2025 06:54:48 America/Fortaleza] Database connection successful
[29-Mar-2025 06:54:48 America/Fortaleza] Users table already exists
[29-Mar-2025 06:54:48 America/Fortaleza] Template not found for route: register
[29-Mar-2025 06:54:48 America/Fortaleza] Tried paths:
[29-Mar-2025 06:54:48 America/Fortaleza] - /home4/efsantos/public_html/pdi/templates/auth/register.php
[29-Mar-2025 06:54:48 America/Fortaleza] - /home4/efsantos/public_html/pdi/templates/register.php
[29-Mar-2025 07:07:02 America/Fortaleza] Database connection successful
[29-Mar-2025 07:07:02 America/Fortaleza] Users table already exists
[29-Mar-2025 07:07:02 America/Fortaleza] Loading template: /home4/efsantos/public_html/pdi/templates/home.php
[29-Mar-2025 08:59:46 America/Fortaleza] Database connection successful
[29-Mar-2025 08:59:46 America/Fortaleza] Users table already exists
[29-Mar-2025 08:59:46 America/Fortaleza] Loading template: /home4/efsantos/public_html/pdi/templates/home.php
[29-Mar-2025 11:05:45 America/Fortaleza] Database connection successful
[29-Mar-2025 11:05:45 America/Fortaleza] Users table already exists
[29-Mar-2025 11:05:45 America/Fortaleza] Loading template: /home4/efsantos/public_html/pdi/templates/home.php
[29-Mar-2025 12:16:32 America/Fortaleza] Database connection successful
[29-Mar-2025 12:16:32 America/Fortaleza] Users table already exists
[29-Mar-2025 12:16:32 America/Fortaleza] Template not found for route: forgot-password
[29-Mar-2025 12:16:32 America/Fortaleza] Tried paths:
[29-Mar-2025 12:16:32 America/Fortaleza] - /home4/efsantos/public_html/pdi/templates/auth/forgot-password.php
[29-Mar-2025 12:16:32 America/Fortaleza] - /home4/efsantos/public_html/pdi/templates/forgot-password.php
[29-Mar-2025 18:03:15 America/Fortaleza] Database connection successful
[29-Mar-2025 18:03:15 America/Fortaleza] Users table already exists
[29-Mar-2025 18:03:15 America/Fortaleza] Loading template: /home4/efsantos/public_html/pdi/templates/home.php
[30-Mar-2025 06:20:24 America/Fortaleza] Database connection successful
[30-Mar-2025 06:20:24 America/Fortaleza] Users table already exists
[30-Mar-2025 06:20:24 America/Fortaleza] Template not found for route: register
[30-Mar-2025 06:20:24 America/Fortaleza] Tried paths:
[30-Mar-2025 06:20:24 America/Fortaleza] - /home4/efsantos/public_html/pdi/templates/auth/register.php
[30-Mar-2025 06:20:24 America/Fortaleza] - /home4/efsantos/public_html/pdi/templates/register.php
[30-Mar-2025 07:36:51 America/Fortaleza] Database connection successful
[30-Mar-2025 07:36:51 America/Fortaleza] Users table already exists
[30-Mar-2025 07:36:51 America/Fortaleza] Loading template: /home4/efsantos/public_html/pdi/templates/home.php
[30-Mar-2025 15:12:51 America/Fortaleza] Database connection successful
[30-Mar-2025 15:12:51 America/Fortaleza] Users table already exists
[30-Mar-2025 15:12:51 America/Fortaleza] Template not found for route: register
[30-Mar-2025 15:12:51 America/Fortaleza] Tried paths:
[30-Mar-2025 15:12:51 America/Fortaleza] - /home4/efsantos/public_html/pdi/templates/auth/register.php
[30-Mar-2025 15:12:51 America/Fortaleza] - /home4/efsantos/public_html/pdi/templates/register.php
[31-Mar-2025 10:33:09 America/Fortaleza] Database connection successful
[31-Mar-2025 10:33:09 America/Fortaleza] Users table already exists
[31-Mar-2025 10:33:09 America/Fortaleza] Loading template: /home4/efsantos/public_html/pdi/templates/home.php
[31-Mar-2025 15:44:37 America/Fortaleza] Database connection successful
[31-Mar-2025 15:44:37 America/Fortaleza] Users table already exists
[31-Mar-2025 15:44:37 America/Fortaleza] Loading template: /home4/efsantos/public_html/pdi/templates/home.php
[31-Mar-2025 15:44:38 America/Fortaleza] Database connection successful
[31-Mar-2025 15:44:38 America/Fortaleza] Users table already exists
[31-Mar-2025 15:44:38 America/Fortaleza] Loading template: /home4/efsantos/public_html/pdi/templates/auth/login.php
[01-Apr-2025 00:04:50 America/Fortaleza] Database connection successful
[01-Apr-2025 00:04:50 America/Fortaleza] Users table already exists
[01-Apr-2025 00:04:50 America/Fortaleza] Loading template: /home4/efsantos/public_html/pdi/templates/home.php
[01-Apr-2025 00:59:57 America/Fortaleza] Database connection successful
[01-Apr-2025 00:59:57 America/Fortaleza] Users table already exists
[01-Apr-2025 00:59:57 America/Fortaleza] Template not found for route: register
[01-Apr-2025 00:59:57 America/Fortaleza] Tried paths:
[01-Apr-2025 00:59:57 America/Fortaleza] - /home4/efsantos/public_html/pdi/templates/auth/register.php
[01-Apr-2025 00:59:57 America/Fortaleza] - /home4/efsantos/public_html/pdi/templates/register.php
[01-Apr-2025 02:05:24 America/Fortaleza] Database connection successful
[01-Apr-2025 02:05:24 America/Fortaleza] Users table already exists
[01-Apr-2025 02:05:24 America/Fortaleza] Loading template: /home4/efsantos/public_html/pdi/templates/home.php
[01-Apr-2025 08:03:32 America/Fortaleza] Database connection successful
[01-Apr-2025 08:03:32 America/Fortaleza] Users table already exists
[01-Apr-2025 08:03:32 America/Fortaleza] Loading template: /home4/efsantos/public_html/pdi/templates/home.php
[01-Apr-2025 19:25:50 America/Fortaleza] Database connection successful
[01-Apr-2025 19:25:50 America/Fortaleza] Users table already exists
[01-Apr-2025 19:25:50 America/Fortaleza] Loading template: /home4/efsantos/public_html/pdi/templates/home.php
[01-Apr-2025 20:08:56 America/Fortaleza] Database connection successful
[01-Apr-2025 20:08:56 America/Fortaleza] Users table already exists
[01-Apr-2025 20:08:56 America/Fortaleza] Loading template: /home4/efsantos/public_html/pdi/templates/home.php
[01-Apr-2025 20:12:33 America/Fortaleza] Database connection successful
[01-Apr-2025 20:12:33 America/Fortaleza] Users table already exists
[01-Apr-2025 20:12:33 America/Fortaleza] Loading template: /home4/efsantos/public_html/pdi/templates/home.php
[02-Apr-2025 07:23:55 America/Fortaleza] Database connection successful
[02-Apr-2025 07:23:55 America/Fortaleza] Users table already exists
[02-Apr-2025 07:23:55 America/Fortaleza] Loading template: /home4/efsantos/public_html/pdi/templates/home.php
[02-Apr-2025 10:12:59 America/Fortaleza] Database connection successful
[02-Apr-2025 10:12:59 America/Fortaleza] Users table already exists
[02-Apr-2025 10:12:59 America/Fortaleza] Loading template: /home4/efsantos/public_html/pdi/templates/home.php
[26-Dec-2025 20:22:13 UTC] Database error: SQLSTATE[HY000] [1045] Access denied for user 'efsantos_pdi'@'localhost' (using password: YES)
[26-Dec-2025 17:57:00 America/Fortaleza] Database connection successful
[26-Dec-2025 17:57:00 America/Fortaleza] Users table already exists
[26-Dec-2025 17:57:00 America/Fortaleza] Loading template: /home4/efsantos/public_html/testprof.com.br/pdi/templates/landing.php
[26-Dec-2025 17:57:31 America/Fortaleza] Database connection successful
[26-Dec-2025 17:57:31 America/Fortaleza] Users table already exists
[26-Dec-2025 17:57:31 America/Fortaleza] Loading template: /home4/efsantos/public_html/testprof.com.br/pdi/templates/landing.php
[26-Dec-2025 17:57:53 America/Fortaleza] Database connection successful
[26-Dec-2025 17:57:53 America/Fortaleza] Users table already exists
[26-Dec-2025 17:57:53 America/Fortaleza] Loading template: /home4/efsantos/public_html/testprof.com.br/pdi/templates/landing.php
[26-Dec-2025 18:00:32 America/Fortaleza] Database connection successful
[26-Dec-2025 18:00:32 America/Fortaleza] Users table already exists
[26-Dec-2025 18:00:32 America/Fortaleza] Loading template: /home4/efsantos/public_html/testprof.com.br/pdi/templates/landing.php
[26-Dec-2025 18:00:32 America/Fortaleza] Database connection successful
[26-Dec-2025 18:00:32 America/Fortaleza] Users table already exists
[26-Dec-2025 18:00:32 America/Fortaleza] Loading template: /home4/efsantos/public_html/testprof.com.br/pdi/templates/dashboard.php
[26-Dec-2025 18:00:46 America/Fortaleza] Database connection successful
[26-Dec-2025 18:00:46 America/Fortaleza] Users table already exists
[26-Dec-2025 18:00:46 America/Fortaleza] Loading template: /home4/efsantos/public_html/testprof.com.br/pdi/templates/admin/companies.php
[26-Dec-2025 18:01:22 America/Fortaleza] Database connection successful
[26-Dec-2025 18:01:22 America/Fortaleza] Users table already exists
[26-Dec-2025 18:01:22 America/Fortaleza] Loading template: /home4/efsantos/public_html/testprof.com.br/pdi/templates/admin/companies.php
[26-Dec-2025 18:03:43 America/Fortaleza] Database connection successful
[26-Dec-2025 18:03:43 America/Fortaleza] Users table already exists
[26-Dec-2025 18:03:43 America/Fortaleza] Loading template: /home4/efsantos/public_html/testprof.com.br/pdi/templates/admin/companies.php
[26-Dec-2025 18:03:48 America/Fortaleza] Database connection successful
[26-Dec-2025 18:03:48 America/Fortaleza] Users table already exists
[26-Dec-2025 18:03:48 America/Fortaleza] Loading template: /home4/efsantos/public_html/testprof.com.br/pdi/templates/dashboard.php
[26-Dec-2025 18:03:54 America/Fortaleza] Database connection successful
[26-Dec-2025 18:03:54 America/Fortaleza] Users table already exists
[26-Dec-2025 18:03:54 America/Fortaleza] Loading template: /home4/efsantos/public_html/testprof.com.br/pdi/templates/admin/companies.php
[26-Dec-2025 18:04:06 America/Fortaleza] Database connection successful
[26-Dec-2025 18:04:06 America/Fortaleza] Users table already exists
[26-Dec-2025 18:04:06 America/Fortaleza] Loading template: /home4/efsantos/public_html/testprof.com.br/pdi/templates/admin/companies.php
[26-Dec-2025 18:04:14 America/Fortaleza] Database connection successful
[26-Dec-2025 18:04:14 America/Fortaleza] Users table already exists
[26-Dec-2025 18:04:14 America/Fortaleza] Loading template: /home4/efsantos/public_html/testprof.com.br/pdi/templates/admin/settings.php
[26-Dec-2025 18:04:15 America/Fortaleza] Database connection successful
[26-Dec-2025 18:04:15 America/Fortaleza] Users table already exists
[26-Dec-2025 18:04:15 America/Fortaleza] Loading template: /home4/efsantos/public_html/testprof.com.br/pdi/templates/admin/companies.php
[26-Dec-2025 18:04:16 America/Fortaleza] Database connection successful
[26-Dec-2025 18:04:16 America/Fortaleza] Users table already exists
[26-Dec-2025 18:04:16 America/Fortaleza] Loading template: /home4/efsantos/public_html/testprof.com.br/pdi/templates/dashboard.php
[26-Dec-2025 18:04:52 America/Fortaleza] Database connection successful
[26-Dec-2025 18:04:52 America/Fortaleza] Users table already exists
[26-Dec-2025 18:04:52 America/Fortaleza] Loading template: /home4/efsantos/public_html/testprof.com.br/pdi/templates/landing.php
[26-Dec-2025 18:05:10 America/Fortaleza] Database connection successful
[26-Dec-2025 18:05:10 America/Fortaleza] Users table already exists
[26-Dec-2025 18:05:10 America/Fortaleza] Loading template: /home4/efsantos/public_html/testprof.com.br/pdi/templates/landing.php
[26-Dec-2025 18:05:10 America/Fortaleza] Database connection successful
[26-Dec-2025 18:05:10 America/Fortaleza] Users table already exists
[26-Dec-2025 18:05:10 America/Fortaleza] Loading template: /home4/efsantos/public_html/testprof.com.br/pdi/templates/dashboard.php
[26-Dec-2025 18:05:14 America/Fortaleza] Database connection successful
[26-Dec-2025 18:05:14 America/Fortaleza] Users table already exists
[26-Dec-2025 18:05:14 America/Fortaleza] Loading template: /home4/efsantos/public_html/testprof.com.br/pdi/templates/admin/companies.php
[26-Dec-2025 18:07:50 America/Fortaleza] Database connection successful
[26-Dec-2025 18:07:50 America/Fortaleza] Users table already exists
[26-Dec-2025 18:07:50 America/Fortaleza] Loading template: /home4/efsantos/public_html/testprof.com.br/pdi/templates/admin/companies.php
[26-Dec-2025 18:08:21 America/Fortaleza] Database connection successful
[26-Dec-2025 18:08:21 America/Fortaleza] Users table already exists
[26-Dec-2025 18:08:21 America/Fortaleza] Loading template: /home4/efsantos/public_html/testprof.com.br/pdi/templates/admin/companies.php
[26-Dec-2025 18:08:54 America/Fortaleza] Database connection successful
[26-Dec-2025 18:08:54 America/Fortaleza] Users table already exists
[26-Dec-2025 18:08:54 America/Fortaleza] Loading template: /home4/efsantos/public_html/testprof.com.br/pdi/templates/admin/companies.php
[26-Dec-2025 18:09:03 America/Fortaleza] Database connection successful
[26-Dec-2025 18:09:03 America/Fortaleza] Users table already exists
[26-Dec-2025 18:09:03 America/Fortaleza] Loading template: /home4/efsantos/public_html/testprof.com.br/pdi/templates/dashboard.php
[26-Dec-2025 18:09:06 America/Fortaleza] Database connection successful
[26-Dec-2025 18:09:06 America/Fortaleza] Users table already exists
[26-Dec-2025 18:09:06 America/Fortaleza] Loading template: /home4/efsantos/public_html/testprof.com.br/pdi/templates/dashboard.php
[26-Dec-2025 18:09:07 America/Fortaleza] Database connection successful
[26-Dec-2025 18:09:07 America/Fortaleza] Users table already exists
[26-Dec-2025 18:09:07 America/Fortaleza] Loading template: /home4/efsantos/public_html/testprof.com.br/pdi/templates/admin/companies.php
[26-Dec-2025 18:14:01 America/Fortaleza] Database connection successful
[26-Dec-2025 18:14:01 America/Fortaleza] Users table already exists
[26-Dec-2025 18:14:01 America/Fortaleza] Loading template: /home4/efsantos/public_html/testprof.com.br/pdi/templates/admin/companies.php
[26-Dec-2025 18:14:02 America/Fortaleza] Database connection successful
[26-Dec-2025 18:14:02 America/Fortaleza] Users table already exists
[26-Dec-2025 18:14:02 America/Fortaleza] Database connection successful
[26-Dec-2025 18:14:02 America/Fortaleza] Users table already exists
[26-Dec-2025 18:14:02 America/Fortaleza] Loading template: /home4/efsantos/public_html/testprof.com.br/pdi/templates/auth/login.php
[26-Dec-2025 18:14:02 America/Fortaleza] Database connection successful
[26-Dec-2025 18:14:02 America/Fortaleza] Users table already exists
[26-Dec-2025 18:14:03 America/Fortaleza] Database connection successful
[26-Dec-2025 18:14:03 America/Fortaleza] Users table already exists
[26-Dec-2025 18:14:03 America/Fortaleza] Loading template: /home4/efsantos/public_html/testprof.com.br/pdi/templates/auth/login.php
[26-Dec-2025 18:14:09 America/Fortaleza] Database connection successful
[26-Dec-2025 18:14:09 America/Fortaleza] Users table already exists
[26-Dec-2025 18:14:09 America/Fortaleza] Loading template: /home4/efsantos/public_html/testprof.com.br/pdi/templates/landing.php
[26-Dec-2025 18:14:26 America/Fortaleza] Database connection successful
[26-Dec-2025 18:14:26 America/Fortaleza] Users table already exists
[26-Dec-2025 18:14:26 America/Fortaleza] Loading template: /home4/efsantos/public_html/testprof.com.br/pdi/templates/landing.php
[26-Dec-2025 18:14:27 America/Fortaleza] Database connection successful
[26-Dec-2025 18:14:27 America/Fortaleza] Users table already exists
[26-Dec-2025 18:14:27 America/Fortaleza] Loading template: /home4/efsantos/public_html/testprof.com.br/pdi/templates/dashboard.php
[26-Dec-2025 18:14:30 America/Fortaleza] Database connection successful
[26-Dec-2025 18:14:30 America/Fortaleza] Users table already exists
[26-Dec-2025 18:14:30 America/Fortaleza] Loading template: /home4/efsantos/public_html/testprof.com.br/pdi/templates/auth/logout.php
[26-Dec-2025 18:14:30 America/Fortaleza] Database connection successful
[26-Dec-2025 18:14:30 America/Fortaleza] Users table already exists
[26-Dec-2025 18:14:30 America/Fortaleza] Loading template: /home4/efsantos/public_html/testprof.com.br/pdi/templates/auth/login.php
[26-Dec-2025 18:14:52 America/Fortaleza] Database connection successful
[26-Dec-2025 18:14:52 America/Fortaleza] Users table already exists
[26-Dec-2025 18:14:52 America/Fortaleza] Loading template: /home4/efsantos/public_html/testprof.com.br/pdi/templates/auth/login.php
[26-Dec-2025 18:14:53 America/Fortaleza] Database connection successful
[26-Dec-2025 18:14:53 America/Fortaleza] Users table already exists
[26-Dec-2025 18:14:53 America/Fortaleza] Loading template: /home4/efsantos/public_html/testprof.com.br/pdi/templates/landing.php
[26-Dec-2025 18:15:22 America/Fortaleza] Database connection successful
[26-Dec-2025 18:15:22 America/Fortaleza] Users table already exists
[26-Dec-2025 18:15:22 America/Fortaleza] Loading template: /home4/efsantos/public_html/testprof.com.br/pdi/templates/landing.php
[26-Dec-2025 18:15:22 America/Fortaleza] Database connection successful
[26-Dec-2025 18:15:22 America/Fortaleza] Users table already exists
[26-Dec-2025 18:15:22 America/Fortaleza] Loading template: /home4/efsantos/public_html/testprof.com.br/pdi/templates/dashboard.php
[26-Dec-2025 18:15:26 America/Fortaleza] Database connection successful
[26-Dec-2025 18:15:26 America/Fortaleza] Users table already exists
[26-Dec-2025 18:15:26 America/Fortaleza] Loading template: /home4/efsantos/public_html/testprof.com.br/pdi/templates/auth/logout.php
[26-Dec-2025 18:15:26 America/Fortaleza] Database connection successful
[26-Dec-2025 18:15:26 America/Fortaleza] Users table already exists
[26-Dec-2025 18:15:26 America/Fortaleza] Loading template: /home4/efsantos/public_html/testprof.com.br/pdi/templates/auth/login.php
[26-Dec-2025 18:16:04 America/Fortaleza] Database connection successful
[26-Dec-2025 18:16:04 America/Fortaleza] Users table already exists
[26-Dec-2025 18:16:04 America/Fortaleza] Loading template: /home4/efsantos/public_html/testprof.com.br/pdi/templates/landing.php
[26-Dec-2025 18:16:53 America/Fortaleza] Database connection successful
[26-Dec-2025 18:16:53 America/Fortaleza] Users table already exists
[26-Dec-2025 18:16:53 America/Fortaleza] Loading template: /home4/efsantos/public_html/testprof.com.br/pdi/templates/landing.php
[26-Dec-2025 18:18:14 America/Fortaleza] Database connection successful
[26-Dec-2025 18:18:14 America/Fortaleza] Users table already exists
[26-Dec-2025 18:18:14 America/Fortaleza] Loading template: /home4/efsantos/public_html/testprof.com.br/pdi/templates/landing.php
[26-Dec-2025 18:18:15 America/Fortaleza] Database connection successful
[26-Dec-2025 18:18:15 America/Fortaleza] Users table already exists
[26-Dec-2025 18:18:15 America/Fortaleza] Loading template: /home4/efsantos/public_html/testprof.com.br/pdi/templates/dashboard.php
[26-Dec-2025 18:18:17 America/Fortaleza] Database connection successful
[26-Dec-2025 18:18:17 America/Fortaleza] Users table already exists
[26-Dec-2025 18:18:17 America/Fortaleza] Loading template: /home4/efsantos/public_html/testprof.com.br/pdi/templates/auth/logout.php
[26-Dec-2025 18:18:18 America/Fortaleza] Database connection successful
[26-Dec-2025 18:18:18 America/Fortaleza] Users table already exists
[26-Dec-2025 18:18:18 America/Fortaleza] Loading template: /home4/efsantos/public_html/testprof.com.br/pdi/templates/landing.php
[26-Dec-2025 18:18:40 America/Fortaleza] Database connection successful
[26-Dec-2025 18:18:40 America/Fortaleza] Users table already exists
[26-Dec-2025 18:18:40 America/Fortaleza] Loading template: /home4/efsantos/public_html/testprof.com.br/pdi/templates/landing.php
[26-Dec-2025 18:18:40 America/Fortaleza] Database connection successful
[26-Dec-2025 18:18:40 America/Fortaleza] Users table already exists
[26-Dec-2025 18:18:40 America/Fortaleza] Loading template: /home4/efsantos/public_html/testprof.com.br/pdi/templates/dashboard.php
[26-Dec-2025 18:19:11 America/Fortaleza] Database connection successful
[26-Dec-2025 18:19:11 America/Fortaleza] Users table already exists
[26-Dec-2025 18:19:11 America/Fortaleza] Loading template: /home4/efsantos/public_html/testprof.com.br/pdi/templates/admin/companies.php
[26-Dec-2025 18:19:57 America/Fortaleza] Database connection successful
[26-Dec-2025 18:19:57 America/Fortaleza] Users table already exists
[26-Dec-2025 18:19:57 America/Fortaleza] Loading template: /home4/efsantos/public_html/testprof.com.br/pdi/templates/auth/logout.php
[26-Dec-2025 18:19:57 America/Fortaleza] Database connection successful
[26-Dec-2025 18:19:57 America/Fortaleza] Users table already exists
[26-Dec-2025 18:19:57 America/Fortaleza] Loading template: /home4/efsantos/public_html/testprof.com.br/pdi/templates/landing.php
[26-Dec-2025 18:20:22 America/Fortaleza] Database connection successful
[26-Dec-2025 18:20:22 America/Fortaleza] Users table already exists
[26-Dec-2025 18:20:22 America/Fortaleza] Loading template: /home4/efsantos/public_html/testprof.com.br/pdi/templates/landing.php
[26-Dec-2025 18:20:23 America/Fortaleza] Database connection successful
[26-Dec-2025 18:20:23 America/Fortaleza] Users table already exists
[26-Dec-2025 18:20:23 America/Fortaleza] Loading template: /home4/efsantos/public_html/testprof.com.br/pdi/templates/dashboard.php
[26-Dec-2025 18:22:31 America/Fortaleza] Database connection successful
[26-Dec-2025 18:22:31 America/Fortaleza] Users table already exists
[26-Dec-2025 18:22:31 America/Fortaleza] Loading template: /home4/efsantos/public_html/testprof.com.br/pdi/templates/auth/logout.php
[26-Dec-2025 18:22:32 America/Fortaleza] Database connection successful
[26-Dec-2025 18:22:32 America/Fortaleza] Users table already exists
[26-Dec-2025 18:22:32 America/Fortaleza] Loading template: /home4/efsantos/public_html/testprof.com.br/pdi/templates/landing.php
[26-Dec-2025 18:22:47 America/Fortaleza] Database connection successful
[26-Dec-2025 18:22:47 America/Fortaleza] Users table already exists
[26-Dec-2025 18:22:47 America/Fortaleza] Loading template: /home4/efsantos/public_html/testprof.com.br/pdi/templates/landing.php
[26-Dec-2025 18:22:47 America/Fortaleza] Database connection successful
[26-Dec-2025 18:22:47 America/Fortaleza] Users table already exists
[26-Dec-2025 18:22:47 America/Fortaleza] Loading template: /home4/efsantos/public_html/testprof.com.br/pdi/templates/dashboard.php
[26-Dec-2025 18:22:53 America/Fortaleza] Database connection successful
[26-Dec-2025 18:22:53 America/Fortaleza] Users table already exists
[26-Dec-2025 18:22:53 America/Fortaleza] Loading template: /home4/efsantos/public_html/testprof.com.br/pdi/templates/admin/companies.php
[26-Dec-2025 18:23:25 America/Fortaleza] Database connection successful
[26-Dec-2025 18:23:25 America/Fortaleza] Users table already exists
[26-Dec-2025 18:23:25 America/Fortaleza] Loading template: /home4/efsantos/public_html/testprof.com.br/pdi/templates/auth/logout.php
[26-Dec-2025 18:23:25 America/Fortaleza] Database connection successful
[26-Dec-2025 18:23:25 America/Fortaleza] Users table already exists
[26-Dec-2025 18:23:25 America/Fortaleza] Loading template: /home4/efsantos/public_html/testprof.com.br/pdi/templates/landing.php
[26-Dec-2025 18:28:09 America/Fortaleza] Database connection successful
[26-Dec-2025 18:28:09 America/Fortaleza] Users table already exists
[26-Dec-2025 18:28:09 America/Fortaleza] Loading template: /home4/efsantos/public_html/testprof.com.br/pdi/templates/landing.php
[26-Dec-2025 18:28:09 America/Fortaleza] Database connection successful
[26-Dec-2025 18:28:09 America/Fortaleza] Users table already exists
[26-Dec-2025 18:28:09 America/Fortaleza] Loading template: /home4/efsantos/public_html/testprof.com.br/pdi/templates/dashboard.php
[26-Dec-2025 18:28:13 America/Fortaleza] Database connection successful
[26-Dec-2025 18:28:13 America/Fortaleza] Users table already exists
[26-Dec-2025 18:28:13 America/Fortaleza] Loading template: /home4/efsantos/public_html/testprof.com.br/pdi/templates/courses/manage.php
[26-Dec-2025 18:28:13 America/Fortaleza] === DEBUG SESSION START ===
[26-Dec-2025 18:28:13 America/Fortaleza] Session data: Array
(
    [user_id] => 14
    [user_name] => Super Admin
    [user_email] => ezequiel.santos@gmail.com
    [user_role] => superadmin
    [company_id] => 
    [user] => Array
        (
            [id] => 14
            [name] => Super Admin
            [email] => ezequiel.santos@gmail.com
            [is_admin] => 1
            [role] => superadmin
            [company_id] => 
        )

)

[26-Dec-2025 18:28:13 America/Fortaleza] User role: superadmin
[26-Dec-2025 18:28:13 America/Fortaleza] Is admin: true
[26-Dec-2025 18:28:13 America/Fortaleza] === DEBUG SESSION END ===
[26-Dec-2025 18:28:13 America/Fortaleza] SQL Query: 
                SELECT c.*, cc.name as category_name 
                FROM courses c 
                LEFT JOIN course_categories cc ON c.category_id = cc.id 
             ORDER BY c.title
[26-Dec-2025 18:28:13 America/Fortaleza] Params: Array
(
)

[26-Dec-2025 18:28:27 America/Fortaleza] Database connection successful
[26-Dec-2025 18:28:27 America/Fortaleza] Users table already exists
[26-Dec-2025 18:28:27 America/Fortaleza] Course controller - Action: modules
[26-Dec-2025 18:28:27 America/Fortaleza] Loading modules for course
[26-Dec-2025 18:28:27 America/Fortaleza] Course content: Módulo 1: Comunicação Verbal
Módulo 2: Comunicação Não-verbal
[26-Dec-2025 18:28:27 America/Fortaleza] Modules loaded: {"success":true,"course":{"id":2,"title":"Comunica\u00e7\u00e3o Efetiva","category_id":2,"level":"basic","description":"Aprenda a se comunicar melhor","content":"M\u00f3dulo 1: Comunica\u00e7\u00e3o Verbal\nM\u00f3dulo 2: Comunica\u00e7\u00e3o N\u00e3o-verbal","duration_hours":1,"active":1,"created_at":"2025-03-20 14:23:44","updated_at":"2025-03-20 14:23:44","category_name":"Comunica\u00e7\u00e3o"},"modules":[]}
[26-Dec-2025 18:33:20 America/Fortaleza] Database connection successful
[26-Dec-2025 18:33:20 America/Fortaleza] Users table already exists
[26-Dec-2025 18:33:20 America/Fortaleza] Loading template: /home4/efsantos/public_html/testprof.com.br/pdi/templates/courses/manage.php
[26-Dec-2025 18:33:20 America/Fortaleza] === DEBUG SESSION START ===
[26-Dec-2025 18:33:20 America/Fortaleza] Session data: Array
(
    [user_id] => 14
    [user_name] => Super Admin
    [user_email] => ezequiel.santos@gmail.com
    [user_role] => superadmin
    [company_id] => 
    [user] => Array
        (
            [id] => 14
            [name] => Super Admin
            [email] => ezequiel.santos@gmail.com
            [is_admin] => 1
            [role] => superadmin
            [company_id] => 
        )

)

[26-Dec-2025 18:33:20 America/Fortaleza] User role: superadmin
[26-Dec-2025 18:33:20 America/Fortaleza] Is admin: true
[26-Dec-2025 18:33:20 America/Fortaleza] === DEBUG SESSION END ===
[26-Dec-2025 18:33:20 America/Fortaleza] SQL Query: 
                SELECT c.*, cc.name as category_name 
                FROM courses c 
                LEFT JOIN course_categories cc ON c.category_id = cc.id 
             ORDER BY c.title
[26-Dec-2025 18:33:20 America/Fortaleza] Params: Array
(
)

[26-Dec-2025 18:33:29 America/Fortaleza] Database connection successful
[26-Dec-2025 18:33:29 America/Fortaleza] Users table already exists
[26-Dec-2025 18:33:29 America/Fortaleza] Loading template: /home4/efsantos/public_html/testprof.com.br/pdi/templates/admin/companies.php
[26-Dec-2025 18:33:43 America/Fortaleza] Database connection successful
[26-Dec-2025 18:33:43 America/Fortaleza] Users table already exists
[26-Dec-2025 18:33:43 America/Fortaleza] Loading template: /home4/efsantos/public_html/testprof.com.br/pdi/templates/dashboard.php
[26-Dec-2025 18:33:53 America/Fortaleza] Database connection successful
[26-Dec-2025 18:33:53 America/Fortaleza] Users table already exists
[26-Dec-2025 18:33:53 America/Fortaleza] Loading template: /home4/efsantos/public_html/testprof.com.br/pdi/templates/admin/settings.php
[26-Dec-2025 18:40:18 America/Fortaleza] Database connection successful
[26-Dec-2025 18:40:18 America/Fortaleza] Users table already exists
[26-Dec-2025 18:40:18 America/Fortaleza] Loading template: /home4/efsantos/public_html/testprof.com.br/pdi/templates/admin/settings.php
[26-Dec-2025 18:40:23 America/Fortaleza] Database connection successful
[26-Dec-2025 18:40:23 America/Fortaleza] Users table already exists
[26-Dec-2025 18:40:23 America/Fortaleza] Loading template: /home4/efsantos/public_html/testprof.com.br/pdi/templates/admin/companies.php
[26-Dec-2025 18:40:28 America/Fortaleza] Database connection successful
[26-Dec-2025 18:40:28 America/Fortaleza] Users table already exists
[26-Dec-2025 18:40:28 America/Fortaleza] Loading template: /home4/efsantos/public_html/testprof.com.br/pdi/templates/courses/manage.php
[26-Dec-2025 18:40:28 America/Fortaleza] === DEBUG SESSION START ===
[26-Dec-2025 18:40:28 America/Fortaleza] Session data: Array
(
    [user_id] => 14
    [user_name] => Super Admin
    [user_email] => ezequiel.santos@gmail.com
    [user_role] => superadmin
    [company_id] => 
    [user] => Array
        (
            [id] => 14
            [name] => Super Admin
            [email] => ezequiel.santos@gmail.com
            [is_admin] => 1
            [role] => superadmin
            [company_id] => 
        )

)

[26-Dec-2025 18:40:28 America/Fortaleza] User role: superadmin
[26-Dec-2025 18:40:28 America/Fortaleza] Is admin: true
[26-Dec-2025 18:40:28 America/Fortaleza] === DEBUG SESSION END ===
[26-Dec-2025 18:40:28 America/Fortaleza] SQL Query: 
                SELECT c.*, cc.name as category_name 
                FROM courses c 
                LEFT JOIN course_categories cc ON c.category_id = cc.id 
             ORDER BY c.title
[26-Dec-2025 18:40:28 America/Fortaleza] Params: Array
(
)

[26-Dec-2025 18:44:48 America/Fortaleza] Database connection successful
[26-Dec-2025 18:44:48 America/Fortaleza] Users table already exists
[26-Dec-2025 18:44:48 America/Fortaleza] Loading template: /home4/efsantos/public_html/testprof.com.br/pdi/templates/courses/manage.php
[26-Dec-2025 18:44:48 America/Fortaleza] PHP Fatal error:  Uncaught Error: Class 'PDI\Models\Course' not found in /home4/efsantos/public_html/testprof.com.br/pdi/templates/courses/manage.php:7
Stack trace:
#0 /home4/efsantos/public_html/testprof.com.br/pdi/public/index.php(106): require_once()
#1 /home4/efsantos/public_html/testprof.com.br/pdi/index.php(4): require_once('/home4/efsantos...')
#2 {main}
  thrown in /home4/efsantos/public_html/testprof.com.br/pdi/templates/courses/manage.php on line 7
[26-Dec-2025 18:48:11 America/Fortaleza] Database connection successful
[26-Dec-2025 18:48:11 America/Fortaleza] Users table already exists
[26-Dec-2025 18:48:11 America/Fortaleza] Loading template: /home4/efsantos/public_html/testprof.com.br/pdi/templates/courses/manage.php
[26-Dec-2025 18:48:11 America/Fortaleza] SQL Query: 
                SELECT c.*, cc.name as category_name 
                FROM courses c 
                LEFT JOIN course_categories cc ON c.category_id = cc.id 
             ORDER BY c.title
[26-Dec-2025 18:48:11 America/Fortaleza] Params: Array
(
)

[26-Dec-2025 18:48:22 America/Fortaleza] Database connection successful
[26-Dec-2025 18:48:22 America/Fortaleza] Users table already exists
[26-Dec-2025 18:48:22 America/Fortaleza] Course controller - Action: modules
[26-Dec-2025 18:48:22 America/Fortaleza] Loading modules for course
[26-Dec-2025 18:48:22 America/Fortaleza] Course content: Módulo 1: Comunicação Verbal
Módulo 2: Comunicação Não-verbal
[26-Dec-2025 18:48:22 America/Fortaleza] Modules loaded: {"success":true,"course":{"id":2,"title":"Comunica\u00e7\u00e3o Efetiva","category_id":2,"level":"basic","description":"Aprenda a se comunicar melhor","content":"M\u00f3dulo 1: Comunica\u00e7\u00e3o Verbal\nM\u00f3dulo 2: Comunica\u00e7\u00e3o N\u00e3o-verbal","duration_hours":1,"active":1,"created_at":"2025-03-20 14:23:44","updated_at":"2025-03-20 14:23:44","category_name":"Comunica\u00e7\u00e3o"},"modules":[]}
[26-Dec-2025 18:48:31 America/Fortaleza] Database connection successful
[26-Dec-2025 18:48:31 America/Fortaleza] Users table already exists
[26-Dec-2025 18:48:31 America/Fortaleza] Loading template: /home4/efsantos/public_html/testprof.com.br/pdi/templates/admin/companies.php
[28-Dec-2025 17:43:53 America/Fortaleza] Database connection successful
[28-Dec-2025 17:43:53 America/Fortaleza] Users table already exists
[28-Dec-2025 17:43:53 America/Fortaleza] Database connection successful
[28-Dec-2025 17:43:53 America/Fortaleza] Users table already exists
[28-Dec-2025 17:43:53 America/Fortaleza] Loading template: /home4/efsantos/public_html/testprof.com.br/pdi/templates/auth/login.php
[28-Dec-2025 17:43:54 America/Fortaleza] Database connection successful
[28-Dec-2025 17:43:54 America/Fortaleza] Users table already exists
[28-Dec-2025 17:43:54 America/Fortaleza] Loading template: /home4/efsantos/public_html/testprof.com.br/pdi/templates/landing.php
[28-Dec-2025 18:25:09 America/Fortaleza] Database connection successful
[28-Dec-2025 18:25:09 America/Fortaleza] Users table already exists
[28-Dec-2025 18:25:09 America/Fortaleza] Loading template: /home4/efsantos/public_html/testprof.com.br/pdi/templates/landing.php
[28-Dec-2025 21:21:39 America/Fortaleza] Database connection successful
[28-Dec-2025 21:21:39 America/Fortaleza] Users table already exists
[28-Dec-2025 21:21:39 America/Fortaleza] Loading template: /home4/efsantos/public_html/testprof.com.br/pdi/templates/landing.php
[29-Dec-2025 08:27:26 America/Fortaleza] Database connection successful
[29-Dec-2025 08:27:26 America/Fortaleza] Users table already exists
[29-Dec-2025 08:27:26 America/Fortaleza] Loading template: /home4/efsantos/public_html/testprof.com.br/pdi/templates/landing.php
[01-Jan-2026 12:32:46 America/Fortaleza] Database connection successful
[01-Jan-2026 12:32:47 America/Fortaleza] Users table already exists
[01-Jan-2026 12:32:47 America/Fortaleza] Loading template: /home4/efsantos/public_html/testprof.com.br/pdi/templates/landing.php
[03-Jan-2026 06:22:27 America/Fortaleza] Database connection successful
[03-Jan-2026 06:22:27 America/Fortaleza] Users table already exists
[03-Jan-2026 06:22:27 America/Fortaleza] Loading template: /home4/efsantos/public_html/testprof.com.br/pdi/templates/landing.php
[03-Jan-2026 09:25:46 America/Fortaleza] Database connection successful
[03-Jan-2026 09:25:46 America/Fortaleza] Users table already exists
[03-Jan-2026 09:25:46 America/Fortaleza] Loading template: /home4/efsantos/public_html/testprof.com.br/pdi/templates/landing.php
[03-Jan-2026 20:37:23 America/Fortaleza] Database connection successful
[03-Jan-2026 20:37:23 America/Fortaleza] Users table already exists
[03-Jan-2026 20:37:23 America/Fortaleza] Loading template: /home4/efsantos/public_html/testprof.com.br/pdi/templates/landing.php
[13-Jan-2026 13:55:27 America/Fortaleza] Database connection successful
[13-Jan-2026 13:55:27 America/Fortaleza] Users table already exists
[13-Jan-2026 13:55:27 America/Fortaleza] Loading template: /home4/efsantos/public_html/testprof.com.br/pdi/templates/landing.php
[15-Jan-2026 23:26:28 America/Fortaleza] Database connection successful
[15-Jan-2026 23:26:28 America/Fortaleza] Users table already exists
[15-Jan-2026 23:26:28 America/Fortaleza] Loading template: /home4/efsantos/public_html/testprof.com.br/pdi/templates/landing.php
[16-Jan-2026 06:03:48 America/Fortaleza] Database connection successful
[16-Jan-2026 06:03:48 America/Fortaleza] Users table already exists
[16-Jan-2026 06:03:48 America/Fortaleza] Loading template: /home4/efsantos/public_html/testprof.com.br/pdi/templates/landing.php
[16-Jan-2026 12:55:38 America/Fortaleza] Database connection successful
[16-Jan-2026 12:55:38 America/Fortaleza] Users table already exists
[16-Jan-2026 12:55:38 America/Fortaleza] Loading template: /home4/efsantos/public_html/testprof.com.br/pdi/templates/landing.php
[17-Jan-2026 13:56:57 America/Fortaleza] Database connection successful
[17-Jan-2026 13:56:57 America/Fortaleza] Users table already exists
[17-Jan-2026 13:56:57 America/Fortaleza] Loading template: /home4/efsantos/public_html/testprof.com.br/pdi/templates/landing.php
[17-Jan-2026 16:50:24 America/Fortaleza] Database connection successful
[17-Jan-2026 16:50:24 America/Fortaleza] Users table already exists
[17-Jan-2026 16:50:24 America/Fortaleza] Loading template: /home4/efsantos/public_html/testprof.com.br/pdi/templates/landing.php
[19-Jan-2026 12:19:19 America/Fortaleza] Database connection successful
[19-Jan-2026 12:19:19 America/Fortaleza] Users table already exists
[19-Jan-2026 12:19:19 America/Fortaleza] Loading template: /home4/efsantos/public_html/testprof.com.br/pdi/templates/landing.php
[22-Jan-2026 13:46:26 America/Fortaleza] Database connection successful
[22-Jan-2026 13:46:26 America/Fortaleza] Users table already exists
[22-Jan-2026 13:46:26 America/Fortaleza] Template not found for route: forgot-password
[22-Jan-2026 13:46:26 America/Fortaleza] Tried paths:
[22-Jan-2026 13:46:26 America/Fortaleza] - /home4/efsantos/public_html/testprof.com.br/pdi/templates/auth/forgot-password.php
[22-Jan-2026 13:46:26 America/Fortaleza] - /home4/efsantos/public_html/testprof.com.br/pdi/templates/forgot-password.php
[24-Jan-2026 06:13:21 America/Fortaleza] Database connection successful
[24-Jan-2026 06:13:21 America/Fortaleza] Users table already exists
[24-Jan-2026 06:13:21 America/Fortaleza] Loading template: /home4/efsantos/public_html/testprof.com.br/pdi/templates/landing.php
[27-Jan-2026 11:20:36 America/Fortaleza] Database connection successful
[27-Jan-2026 11:20:36 America/Fortaleza] Users table already exists
[27-Jan-2026 11:20:36 America/Fortaleza] Loading template: /home4/efsantos/public_html/testprof.com.br/pdi/templates/landing.php
[28-Jan-2026 05:08:06 America/Fortaleza] Database connection successful
[28-Jan-2026 05:08:06 America/Fortaleza] Users table already exists
[28-Jan-2026 05:08:06 America/Fortaleza] Loading template: /home4/efsantos/public_html/testprof.com.br/pdi/templates/landing.php
[28-Jan-2026 07:16:53 America/Fortaleza] Database connection successful
[28-Jan-2026 07:16:53 America/Fortaleza] Users table already exists
[28-Jan-2026 07:16:53 America/Fortaleza] Loading template: /home4/efsantos/public_html/testprof.com.br/pdi/templates/landing.php
[28-Jan-2026 11:06:15 America/Fortaleza] Database connection successful
[28-Jan-2026 11:06:15 America/Fortaleza] Users table already exists
[28-Jan-2026 11:06:15 America/Fortaleza] Loading template: /home4/efsantos/public_html/testprof.com.br/pdi/templates/landing.php
[28-Jan-2026 20:57:21 America/Fortaleza] Database connection successful
[28-Jan-2026 20:57:21 America/Fortaleza] Users table already exists
[28-Jan-2026 20:57:21 America/Fortaleza] Template not found for route: forgot-password
[28-Jan-2026 20:57:21 America/Fortaleza] Tried paths:
[28-Jan-2026 20:57:21 America/Fortaleza] - /home4/efsantos/public_html/testprof.com.br/pdi/templates/auth/forgot-password.php
[28-Jan-2026 20:57:21 America/Fortaleza] - /home4/efsantos/public_html/testprof.com.br/pdi/templates/forgot-password.php
[29-Jan-2026 17:29:16 America/Fortaleza] Database connection successful
[29-Jan-2026 17:29:16 America/Fortaleza] Users table already exists
[29-Jan-2026 17:29:16 America/Fortaleza] Loading template: /home4/efsantos/public_html/testprof.com.br/pdi/templates/landing.php
[29-Jan-2026 17:29:18 America/Fortaleza] Database connection successful
[29-Jan-2026 17:29:18 America/Fortaleza] Users table already exists
[29-Jan-2026 17:29:18 America/Fortaleza] Loading template: /home4/efsantos/public_html/testprof.com.br/pdi/templates/landing.php
[29-Jan-2026 17:29:18 America/Fortaleza] Database connection successful
[29-Jan-2026 17:29:18 America/Fortaleza] Users table already exists
[29-Jan-2026 17:29:18 America/Fortaleza] Loading template: /home4/efsantos/public_html/testprof.com.br/pdi/templates/landing.php
[29-Jan-2026 17:29:19 America/Fortaleza] Database connection successful
[29-Jan-2026 17:29:19 America/Fortaleza] Users table already exists
[29-Jan-2026 17:29:19 America/Fortaleza] Loading template: /home4/efsantos/public_html/testprof.com.br/pdi/templates/landing.php
[29-Jan-2026 17:29:19 America/Fortaleza] Database connection successful
[29-Jan-2026 17:29:19 America/Fortaleza] Users table already exists
[29-Jan-2026 17:29:19 America/Fortaleza] Loading template: /home4/efsantos/public_html/testprof.com.br/pdi/templates/landing.php
[29-Jan-2026 17:29:21 America/Fortaleza] Database connection successful
[29-Jan-2026 17:29:21 America/Fortaleza] Users table already exists
[29-Jan-2026 17:29:21 America/Fortaleza] Loading template: /home4/efsantos/public_html/testprof.com.br/pdi/templates/landing.php
[04-Feb-2026 20:11:48 America/Fortaleza] Database connection successful
[04-Feb-2026 20:11:48 America/Fortaleza] Users table already exists
[04-Feb-2026 20:11:48 America/Fortaleza] Loading template: /home4/efsantos/public_html/testprof.com.br/pdi/templates/landing.php
[04-Feb-2026 20:16:52 America/Fortaleza] Database connection successful
[04-Feb-2026 20:16:52 America/Fortaleza] Users table already exists
[04-Feb-2026 20:16:52 America/Fortaleza] Loading template: /home4/efsantos/public_html/testprof.com.br/pdi/templates/landing.php
[06-Feb-2026 21:52:40 America/Fortaleza] Database connection successful
[06-Feb-2026 21:52:40 America/Fortaleza] Users table already exists
[06-Feb-2026 21:52:40 America/Fortaleza] Loading template: /home4/efsantos/public_html/testprof.com.br/pdi/templates/landing.php
[07-Feb-2026 21:01:51 America/Fortaleza] Database connection successful
[07-Feb-2026 21:01:51 America/Fortaleza] Users table already exists
[07-Feb-2026 21:01:51 America/Fortaleza] Loading template: /home4/efsantos/public_html/testprof.com.br/pdi/templates/landing.php
[08-Feb-2026 05:41:49 America/Fortaleza] Database connection successful
[08-Feb-2026 05:41:49 America/Fortaleza] Users table already exists
[08-Feb-2026 05:41:49 America/Fortaleza] Loading template: /home4/efsantos/public_html/testprof.com.br/pdi/templates/landing.php
[13-Feb-2026 07:48:48 America/Fortaleza] Database connection successful
[13-Feb-2026 07:48:48 America/Fortaleza] Users table already exists
[13-Feb-2026 07:48:48 America/Fortaleza] Loading template: /home4/efsantos/public_html/testprof.com.br/pdi/templates/landing.php
[14-Feb-2026 20:26:51 America/Fortaleza] Database connection successful
[14-Feb-2026 20:26:51 America/Fortaleza] Users table already exists
[14-Feb-2026 20:26:51 America/Fortaleza] Template not found for route: forgot-password
[14-Feb-2026 20:26:51 America/Fortaleza] Tried paths:
[14-Feb-2026 20:26:51 America/Fortaleza] - /home4/efsantos/public_html/testprof.com.br/pdi/templates/auth/forgot-password.php
[14-Feb-2026 20:26:51 America/Fortaleza] - /home4/efsantos/public_html/testprof.com.br/pdi/templates/forgot-password.php
[14-Feb-2026 20:26:52 America/Fortaleza] Database connection successful
[14-Feb-2026 20:26:52 America/Fortaleza] Users table already exists
[14-Feb-2026 20:26:52 America/Fortaleza] Template not found for route: forgot-password
[14-Feb-2026 20:26:52 America/Fortaleza] Tried paths:
[14-Feb-2026 20:26:52 America/Fortaleza] - /home4/efsantos/public_html/testprof.com.br/pdi/templates/auth/forgot-password.php
[14-Feb-2026 20:26:52 America/Fortaleza] - /home4/efsantos/public_html/testprof.com.br/pdi/templates/forgot-password.php
[15-Feb-2026 03:28:05 America/Fortaleza] Database connection successful
[15-Feb-2026 03:28:05 America/Fortaleza] Users table already exists
[15-Feb-2026 03:28:05 America/Fortaleza] Loading template: /home4/efsantos/public_html/testprof.com.br/pdi/templates/landing.php
[15-Feb-2026 17:19:42 America/Fortaleza] Database connection successful
[15-Feb-2026 17:19:42 America/Fortaleza] Users table already exists
[15-Feb-2026 17:19:42 America/Fortaleza] Loading template: /home4/efsantos/public_html/testprof.com.br/pdi/templates/landing.php
[15-Feb-2026 17:19:43 America/Fortaleza] Database connection successful
[15-Feb-2026 17:19:43 America/Fortaleza] Users table already exists
[15-Feb-2026 17:19:43 America/Fortaleza] Loading template: /home4/efsantos/public_html/testprof.com.br/pdi/templates/landing.php
[17-Feb-2026 11:47:22 America/Fortaleza] Database connection successful
[17-Feb-2026 11:47:22 America/Fortaleza] Users table already exists
[17-Feb-2026 11:47:22 America/Fortaleza] Loading template: /home4/efsantos/public_html/testprof.com.br/pdi/templates/landing.php
[19-Feb-2026 01:01:46 America/Fortaleza] Database connection successful
[19-Feb-2026 01:01:46 America/Fortaleza] Users table already exists
[19-Feb-2026 01:01:46 America/Fortaleza] Loading template: /home4/efsantos/public_html/testprof.com.br/pdi/templates/landing.php
[21-Feb-2026 05:51:35 America/Fortaleza] Database connection successful
[21-Feb-2026 05:51:35 America/Fortaleza] Users table already exists
[21-Feb-2026 05:51:35 America/Fortaleza] Loading template: /home4/efsantos/public_html/testprof.com.br/pdi/templates/landing.php
[24-Feb-2026 02:21:55 America/Fortaleza] Database connection successful
[24-Feb-2026 02:21:55 America/Fortaleza] Users table already exists
[24-Feb-2026 02:21:55 America/Fortaleza] Loading template: /home4/efsantos/public_html/testprof.com.br/pdi/templates/landing.php
[27-Feb-2026 06:21:05 America/Fortaleza] Database connection successful
[27-Feb-2026 06:21:05 America/Fortaleza] Users table already exists
[27-Feb-2026 06:21:05 America/Fortaleza] Loading template: /home4/efsantos/public_html/testprof.com.br/pdi/templates/landing.php
[28-Feb-2026 09:29:45 America/Fortaleza] Database connection successful
[28-Feb-2026 09:29:45 America/Fortaleza] Users table already exists
[28-Feb-2026 09:29:45 America/Fortaleza] Template not found for route: forgot-password
[28-Feb-2026 09:29:45 America/Fortaleza] Tried paths:
[28-Feb-2026 09:29:45 America/Fortaleza] - /home4/efsantos/public_html/testprof.com.br/pdi/templates/auth/forgot-password.php
[28-Feb-2026 09:29:45 America/Fortaleza] - /home4/efsantos/public_html/testprof.com.br/pdi/templates/forgot-password.php
[28-Feb-2026 20:07:00 America/Fortaleza] Database connection successful
[28-Feb-2026 20:07:00 America/Fortaleza] Users table already exists
[28-Feb-2026 20:07:01 America/Fortaleza] Template not found for route: forgot-password
[28-Feb-2026 20:07:01 America/Fortaleza] Tried paths:
[28-Feb-2026 20:07:01 America/Fortaleza] - /home4/efsantos/public_html/testprof.com.br/pdi/templates/auth/forgot-password.php
[28-Feb-2026 20:07:01 America/Fortaleza] - /home4/efsantos/public_html/testprof.com.br/pdi/templates/forgot-password.php
[01-Mar-2026 03:50:40 America/Fortaleza] Database connection successful
[01-Mar-2026 03:50:40 America/Fortaleza] Users table already exists
[01-Mar-2026 03:50:40 America/Fortaleza] Template not found for route: forgot-password
[01-Mar-2026 03:50:40 America/Fortaleza] Tried paths:
[01-Mar-2026 03:50:40 America/Fortaleza] - /home4/efsantos/public_html/testprof.com.br/pdi/templates/auth/forgot-password.php
[01-Mar-2026 03:50:40 America/Fortaleza] - /home4/efsantos/public_html/testprof.com.br/pdi/templates/forgot-password.php
[10-Mar-2026 19:29:15 America/Fortaleza] Database connection successful
[10-Mar-2026 19:29:15 America/Fortaleza] Users table already exists
[10-Mar-2026 19:29:15 America/Fortaleza] Template not found for route: forgot-password
[10-Mar-2026 19:29:15 America/Fortaleza] Tried paths:
[10-Mar-2026 19:29:15 America/Fortaleza] - /home4/efsantos/public_html/testprof.com.br/pdi/templates/auth/forgot-password.php
[10-Mar-2026 19:29:15 America/Fortaleza] - /home4/efsantos/public_html/testprof.com.br/pdi/templates/forgot-password.php
[13-Mar-2026 14:09:24 America/Fortaleza] Database connection successful
[13-Mar-2026 14:09:24 America/Fortaleza] Users table already exists
[13-Mar-2026 14:09:24 America/Fortaleza] Loading template: /home4/efsantos/public_html/testprof.com.br/pdi/templates/landing.php
[14-Mar-2026 21:45:35 America/Fortaleza] Database connection successful
[14-Mar-2026 21:45:35 America/Fortaleza] Users table already exists
[14-Mar-2026 21:45:35 America/Fortaleza] Loading template: /home4/efsantos/public_html/testprof.com.br/pdi/templates/landing.php
[15-Mar-2026 09:32:41 America/Fortaleza] Database connection successful
[15-Mar-2026 09:32:41 America/Fortaleza] Users table already exists
[15-Mar-2026 09:32:41 America/Fortaleza] Loading template: /home4/efsantos/public_html/testprof.com.br/pdi/templates/landing.php
[15-Mar-2026 17:26:34 America/Fortaleza] Database connection successful
[15-Mar-2026 17:26:34 America/Fortaleza] Users table already exists
[15-Mar-2026 17:26:34 America/Fortaleza] Loading template: /home4/efsantos/public_html/testprof.com.br/pdi/templates/landing.php
[16-Mar-2026 01:04:13 America/Fortaleza] Database connection successful
[16-Mar-2026 01:04:13 America/Fortaleza] Users table already exists
[16-Mar-2026 01:04:13 America/Fortaleza] Loading template: /home4/efsantos/public_html/testprof.com.br/pdi/templates/landing.php
[16-Mar-2026 10:11:19 America/Fortaleza] Database connection successful
[16-Mar-2026 10:11:19 America/Fortaleza] Users table already exists
[16-Mar-2026 10:11:19 America/Fortaleza] Database connection successful
[16-Mar-2026 10:11:19 America/Fortaleza] Users table already exists
[16-Mar-2026 10:11:19 America/Fortaleza] Loading template: /home4/efsantos/public_html/testprof.com.br/pdi/templates/auth/login.php
[16-Mar-2026 10:11:20 America/Fortaleza] Database connection successful
[16-Mar-2026 10:11:20 America/Fortaleza] Users table already exists
[16-Mar-2026 10:11:20 America/Fortaleza] Loading template: /home4/efsantos/public_html/testprof.com.br/pdi/templates/landing.php
[16-Mar-2026 10:13:55 America/Fortaleza] Database connection successful
[16-Mar-2026 10:13:55 America/Fortaleza] Users table already exists
[16-Mar-2026 10:13:55 America/Fortaleza] Loading template: /home4/efsantos/public_html/testprof.com.br/pdi/templates/landing.php
